CF H1N1 binding to TL-VI-25-3,,,,,,,,,,,,,,,,,CF H1N1 binding to TL-VI-25-3,,,,,,,,,,,,,,
,,,,,,,,,,,,,,,,,,,,,,,,,,,,,,,
,,,,,,,,,,,,,,,,,,,,,,,,,,,,,,,
,,,,,,,,,,,,,,,,,,,,,,,,,,,,,,,
,,,,,,,,,,,,Block 1,,,,,,,,,,,,,,,,,Block 9,,
µM PRINTED POLYMER,GLYCAN,DP,LIGATION EFF,VALENCY, GLYCAN SPACING ON POLYMER,Polymer labeling eff,Polymer Signal ,Polymer per spot ,Glycan per spot,Spot diameter ,Spot area,POLYMER SPACING ,GLYCAN DENSITY,MEAN VIRAL FLUORESCENCE ,,,µM PRINTED POLYMER,GLYCAN,DP,LIGATION EFF,VALENCY, GLYCAN SPACING ON POLYMER,Polymer labeling eff,Polymer Signal ,Polymer per spot ,Glycan per spot,Spot diameter ,Spot area,POLYMER SPACING ,GLYCAN DENSITY,MEAN VIRAL FLUORESCENCE
1,α2-6 SiaLac,150,0.29,44,0.29,0.063,418,6635,288619,140,15386,0.431,18.759,129,,,1,α2-6 SiaLac,150,0.29,44,0.29,0.063,446,7079,307952,145,16504.625,0.429,18.659,324
,,,,,,,409,6492,282405,140,15386,0.422,18.355,143,,,,,,,,,,437,6937,301738,145,16504.625,0.420,18.282,263
,,,,,,,414,6571,285857,140,15386,0.427,18.579,146,,,,,,,,,,437,6937,301738,145,16504.625,0.420,18.282,273
,,,,,,,421,6683,290690,140,15386,0.434,18.893,144,,,,,,,,,,429,6810,296214,145,16504.625,0.413,17.947,288
,,,,,,,424,6730,292762,140,15386,0.437,19.028,125,,,,,,,,,,421,6683,290690,145,16504.625,0.405,17.613,283
,,,,,,,404,6413,278952,145,16504.625,0.389,16.901,141,,,,,,,,,,397,6302,274119,145,16504.625,0.382,16.609,216
,,,0.40,60,0.40,0.063,294,4667,280000,130,13266.5,0.352,21.106,57,,,,,,0.40,60,0.40,0.063,385,6111,366667,135,14306.625,0.427,25.629,161
,,,,,,,319,5063,303810,130,13266.5,0.382,22.901,68,,,,,,,,,,378,6000,360000,135,14306.625,0.419,25.163,140
,,,,,,,322,5111,306667,130,13266.5,0.385,23.116,58,,,,,,,,,,365,5794,347619,135,14306.625,0.405,24.298,158
,,,,,,,314,4984,299048,130,13266.5,0.376,22.542,62,,,,,,,,,,361,5730,343810,135,14306.625,0.401,24.031,170
,,,,,,,319,5063,303810,135,14306.625,0.354,21.236,70,,,,,,,,,,372,5905,354286,135,14306.625,0.413,24.764,142
,,,,,,,310,4921,295238,135,14306.625,0.344,20.636,65,,,,,,,,,,359,5698,341905,140,15386,0.370,22.222,148
,,200,0.39,78,0.39,0.275,1766,6422,500902,135,14306.625,0.449,35.012,131,,,,,200,0.39,78,0.39,0.275,1887,6862,535222,140,15386,0.446,34.786,264
,,,,,,,1737,6316,492676,140,15386,0.411,32.021,117,,,,,,,,,,1875,6818,531818,140,15386,0.443,34.565,266
,,,,,,,1788,6502,507142,140,15386,0.423,32.961,91,,,,,,,,,,1942,7062,550822,140,15386,0.459,35.800,316
,,,,,,,1814,6596,514516,135,14306.625,0.461,35.964,140,,,,,,,,,,1937,7044,549404,140,15386,0.458,35.708,322
,,,,,,,1853,6738,525578,135,14306.625,0.471,36.737,131,,,,,,,,,,1957,7116,555076,145,16504.625,0.431,33.632,368
,,,,,,,1785,6491,506291,140,15386,0.422,32.906,136,,,,,,,,,,1944,7069,551389,140,15386,0.459,35.837,424
,,,0.49,98,0.49,0.275,1645,5982,586218,135,14306.625,0.418,40.975,149,,,,,,0.49,98,0.49,0.275,1788,6502,637178,140,15386,0.423,41.413,283
,,,,,,,1649,5996,587644,140,15386,0.390,38.193,149,,,,,,,,,,1815,6600,646800,140,15386,0.429,42.038,359
,,,,,,,1706,6204,607956,135,14306.625,0.434,42.495,164,,,,,,,,,,1863,6775,663905,140,15386,0.440,43.150,492
,,,,,,,1687,6135,601185,135,14306.625,0.429,42.021,184,,,,,,,,,,1861,6767,663193,140,15386,0.440,43.104,743
,,,,,,,1770,6436,630764,140,15386,0.418,40.996,182,,,,,,,,,,1940,7055,691345,140,15386,0.459,44.933,528
,,,,,,,1665,6055,593345,140,15386,0.394,38.564,176,,,,,,,,,,1792,6516,638604,140,15386,0.424,41.506,404
,,300,0.35,105,0.35,0.093,624,6717,705274,135,14306.625,0.469,49.297,194,,,,,300,0.35,105,0.35,0.093,707,7610,799085,135,14306.625,0.532,55.854,490
,,,,,,,626,6738,707535,135,14306.625,0.471,49.455,235,,,,,,,,,,701,7546,792304,140,15386,0.490,51.495,663
,,,,,,,623,6706,704144,135,14306.625,0.469,49.218,222,,,,,,,,,,740,7966,836383,140,15386,0.518,54.360,1018
,,,,,,,618,6652,698493,135,14306.625,0.465,48.823,233,,,,,,,,,,717,7718,810388,140,15386,0.502,52.670,771
,,,,,,,630,6781,712056,135,14306.625,0.474,49.771,231,,,,,,,,,,728,7836,822820,140,15386,0.509,53.479,659
,,,,,,,608,6545,687191,135,14306.625,0.457,48.033,238,,,,,,,,,,642,6911,725619,140,15386,0.449,47.161,588
,,,0.47,141,0.47,0.093,470,5059,713348,135,14306.625,0.354,49.861,235,,,,,,0.47,141,0.47,0.093,509,5479,772540,135,14306.625,0.383,53.999,622
,,,,,,,469,5048,711830,140,15386,0.328,46.265,252,,,,,,,,,,485,5221,736114,140,15386,0.339,47.843,968
,,,,,,,464,4995,704241,140,15386,0.325,45.772,237,,,,,,,,,,493,5307,748256,135,14306.625,0.371,52.301,971
,,,,,,,463,4984,702723,135,14306.625,0.348,49.119,253,,,,,,,,,,485,5221,736114,140,15386,0.339,47.843,723
,,,,,,,537,5780,815038,135,14306.625,0.404,56.969,248,,,,,,,,,,486,5231,737632,140,15386,0.340,47.942,600
,,,,,,,468,5038,710312,140,15386,0.327,46.166,236,,,,,,,,,,475,5113,720936,140,15386,0.332,46.857,561
5,α2-6 SiaLac,150,0.29,44,0.29,0.063,1746,27714,1205571,140,15386,1.801,78.355,262,,,5,α2-6 SiaLac,150,0.29,44,0.29,0.063,1788,28381,1234571,145,16504.625,1.720,74.802,565
,,,,,,,1732,27492,1195905,140,15386,1.787,77.727,257,,,,,,,,,,1804,28635,1245619,145,16504.625,1.735,75.471,559
,,,,,,,1708,27111,1179333,145,16504.625,1.643,71.455,308,,,,,,,,,,1676,26603,1157238,150,17662.5,1.506,65.519,539
,,,,,,,1666,26444,1150333,140,15386,1.719,74.765,285,,,,,,,,,,1833,29095,1265643,145,16504.625,1.763,76.684,616
,,,,,,,1663,26397,1148262,145,16504.625,1.599,69.572,251,,,,,,,,,,1849,29349,1276690,150,17662.5,1.662,72.283,589
,,,,,,,1677,26619,1157929,145,16504.625,1.613,70.158,252,,,,,,,,,,1812,28762,1251143,145,16504.625,1.743,75.806,624
,,,0.40,60,0.40,0.063,1391,22079,1324762,130,13266.5,1.664,99.858,167,,,,,,0.40,60,0.40,0.063,1440,22857,1371429,135,14306.625,1.598,95.860,290
,,,,,,,1380,21905,1314286,130,13266.5,1.651,99.068,162,,,,,,,,,,1469,23317,1399048,140,15386,1.515,90.930,333
,,,,,,,1366,21683,1300952,130,13266.5,1.634,98.063,191,,,,,,,,,,1509,23952,1437143,140,15386,1.557,93.406,331
,,,,,,,1352,21460,1287619,130,13266.5,1.618,97.058,180,,,,,,,,,,1422,22571,1354286,140,15386,1.467,88.021,331
,,,,,,,1378,21873,1312381,130,13266.5,1.649,98.924,270,,,,,,,,,,1459,23159,1389524,140,15386,1.505,90.311,327
,,,,,,,1316,20889,1253333,140,15386,1.358,81.459,252,,,,,,,,,,1387,22016,1320952,145,16504.625,1.334,80.035,344
,,200,0.39,78,0.39,0.275,8237,29953,2336313,140,15386,1.947,151.847,240,,,,,200,0.39,78,0.39,0.275,8563,31138,2428778,140,15386,2.024,157.856,680
,,,,,,,8160,29673,2314473,140,15386,1.929,150.427,257,,,,,,,,,,8549,31087,2424807,140,15386,2.020,157.598,691
,,,,,,,8097,29444,2296604,135,14306.625,2.058,160.527,308,,,,,,,,,,8404,30560,2383680,140,15386,1.986,154.925,675
,,,,,,,8130,29564,2305964,140,15386,1.921,149.874,336,,,,,,,,,,8324,30269,2360989,145,16504.625,1.834,143.050,662
,,,,,,,8200,29818,2325818,135,14306.625,2.084,162.569,296,,,,,,,,,,8488,30865,2407505,145,16504.625,1.870,145.869,750
,,,,,,,8363,30411,2372051,140,15386,1.977,154.169,311,,,,,,,,,,8582,31207,2434167,145,16504.625,1.891,147.484,653
,,,0.49,98,0.49,0.275,8146,29622,2902938,135,14306.625,2.070,202.909,327,,,,,,0.49,98,0.49,0.275,8592,31244,3061876,140,15386,2.031,199.004,686
,,,,,,,8252,30007,2940713,135,14306.625,2.097,205.549,359,,,,,,,,,,8636,31404,3077556,140,15386,2.041,200.023,677
,,,,,,,8513,30956,3033724,135,14306.625,2.164,212.050,314,,,,,,,,,,8780,31927,3128873,140,15386,2.075,203.358,698
,,,,,,,8366,30422,2981338,135,14306.625,2.126,208.389,365,,,,,,,,,,9243,33611,3293869,140,15386,2.185,214.082,766
,,,,,,,8790,31964,3132436,135,14306.625,2.234,218.950,371,,,,,,,,,,9914,36051,3532989,140,15386,2.343,229.624,874
,,,,,,,8621,31349,3072211,135,14306.625,2.191,214.740,408,,,,,,,,,,9101,33095,3243265,140,15386,2.151,210.793,878
,,300,0.35,105,0.35,0.093,2908,31302,3286760,135,14306.625,2.188,229.737,419,,,,,300,0.35,105,0.35,0.093,3271,35210,3697040,140,15386,2.288,240.286,882
,,,,,,,3045,32777,3441604,130,13266.5,2.471,259.421,430,,,,,,,,,,3490,37567,3944564,135,14306.625,2.626,275.716,970
,,,,,,,3073,33079,3473251,135,14306.625,2.312,242.772,402,,,,,,,,,,3375,36329,3814586,140,15386,2.361,247.926,873
,,,,,,,3002,32314,3393003,135,14306.625,2.259,237.163,381,,,,,,,,,,3223,34693,3642788,140,15386,2.255,236.760,939
,,,,,,,3042,32745,3438213,135,14306.625,2.289,240.323,383,,,,,,,,,,3627,39042,4099408,140,15386,2.538,266.438,1004
,,,,,,,2924,31475,3304844,140,15386,2.046,214.796,381,,,,,,,,,,3460,37244,3910657,140,15386,2.421,254.170,930
,,,0.47,141,0.47,0.093,2678,28827,4064564,135,14306.625,2.015,284.104,9999*,,,,,,0.47,141,0.47,0.093,2900,31216,4401507,135,14306.625,2.182,307.655,830
,,,,,,,2596,27944,3940108,135,14306.625,1.953,275.404,419,,,,,,,,,,2814,30291,4270980,135,14306.625,2.117,298.532,832
,,,,,,,2643,28450,4011442,135,14306.625,1.989,280.391,394,,,,,,,,,,2783,29957,4223929,140,15386,1.947,274.531,894
,,,,,,,2647,28493,4017513,135,14306.625,1.992,280.815,352,,,,,,,,,,2907,31292,4412131,135,14306.625,2.187,308.398,864
,,,,,,,2806,30205,4258837,135,14306.625,2.111,297.683,362,,,,,,,,,,3054,32874,4635242,135,14306.625,2.298,323.993,895
,,,,,,,2670,28741,4052422,140,15386,1.868,263.384,304,,,,,,,,,,2807,30215,4260355,135,14306.625,2.112,297.789,750
10,α2-6 SiaLac,150,0.29,44,0.29,0.063,3459,54905,2415810,135,14306.625,3.838,168.859,234,,,10,α2-6 SiaLac,150,0.29,44,0.29,0.063,3342,53048,2334095,145,16504.625,3.214,141.421,563
,,,,,,,3664,58159,2558984,140,15386,3.780,166.319,227,,,,,,,,,,3279,52048,2290095,145,16504.625,3.154,138.755,565
,,,,,,,3816,60571,2665143,135,14306.625,4.234,186.287,320,,,,,,,,,,3374,53556,2356444,145,16504.625,3.245,142.775,473
,,,,,,,3618,57429,2526857,140,15386,3.733,164.231,363,,,,,,,,,,3332,52889,2327111,145,16504.625,3.204,140.998,510
,,,,,,,3718,59016,2596698,135,14306.625,4.125,181.503,376,,,,,,,,,,3385,53730,2364127,145,16504.625,3.255,143.240,529
,,,,,,,3563,56556,2488444,140,15386,3.676,161.734,385,,,,,,,,,,3560,56508,2486349,140,15386,3.673,161.598,449
,,,0.40,60,0.40,0.063,2393,37984,2279048,135,14306.625,2.655,159.300,256,,,,,,0.40,60,0.40,0.063,2456,38984,2339048,140,15386,2.534,152.024,407
,,,,,,,2419,38397,2303810,130,13266.5,2.894,173.656,297,,,,,,,,,,2428,38540,2312381,140,15386,2.505,150.291,422
,,,,,,,2543,40365,2421905,135,14306.625,2.821,169.286,294,,,,,,,,,,2476,39302,2358095,140,15386,2.554,153.262,601
,,,,,,,2514,39905,2394286,135,14306.625,2.789,167.355,264,,,,,,,,,,2516,39937,2396190,145,16504.625,2.420,145.183,498
,,,,,,,2710,43016,2580952,130,13266.5,3.242,194.547,486,,,,,,,,,,2581,40968,2458095,140,15386,2.663,159.762,518
,,,,,,,2654,42127,2527619,135,14306.625,2.945,176.675,563,,,,,,,,,,2530,40159,2409524,140,15386,2.610,156.605,545
,,200,0.39,78,0.39,0.275,15984,58124,4533644,135,14306.625,4.063,316.891,496,,,,,200,0.39,78,0.39,0.275,16613,60411,4712051,145,16504.625,3.660,285.499,563
,,,,,,,16202,58916,4595476,140,15386,3.829,298.679,428,,,,,,,,,,16704,60742,4737862,145,16504.625,3.680,287.063,413
,,,,,,,16399,59633,4651353,135,14306.625,4.168,325.119,309,,,,,,,,,,16649,60542,4722262,140,15386,3.935,306.919,338
,,,,,,,16038,58320,4548960,140,15386,3.790,295.656,207,,,,,,,,,,16725,60818,4743818,145,16504.625,3.685,287.424,592
,,,,,,,16211,58949,4598029,140,15386,3.831,298.845,182,,,,,,,,,,17183,62484,4873724,140,15386,4.061,316.764,753
,,,,,,,11508,41847,3264087,150,17662.5,2.369,184.803,407,,,,,,,,,,13403,48738,3801578,145,16504.625,2.953,230.334,877
,,,0.49,98,0.49,0.275,15230,55382,5427418,135,14306.625,3.871,379.364,527,,,,,,0.49,98,0.49,0.275,15713,57138,5599542,140,15386,3.714,363.937,903
,,,,,,,14846,53985,5290575,135,14306.625,3.773,369.799,615,,,,,,,,,,15147,55080,5397840,140,15386,3.580,350.828,678
,,,,,,,14803,53829,5275251,135,14306.625,3.763,368.728,527,,,,,,,,,,16609,60396,5918844,140,15386,3.925,384.690,425
,,,,,,,9144,33251,3258589,165,21371.625,1.556,152.473,356,,,,,,,,,,16556,60204,5899956,135,14306.625,4.208,412.393,560
,,,,,,,10336,37585,3683375,150,17662.5,2.128,208.542,254,,,,,,,,,,16314,59324,5813716,145,16504.625,3.594,352.248,869
,,,,,,,13065,47509,4655891,135,14306.625,3.321,325.436,554,,,,,,,,,,16471,59895,5869665,140,15386,3.893,381.494,733
,,300,0.35,105,0.35,0.093,6370,68568,7199677,130,13266.5,5.169,542.696,408,,,,,300,0.35,105,0.35,0.093,6582,70850,7439290,135,14306.625,4.952,519.989,961
,,,,,,,6426,69171,7262971,135,14306.625,4.835,507.665,542,,,,,,,,,,6531,70301,7381647,135,14306.625,4.914,515.960,893
,,,,,,,6419,69096,7255059,135,14306.625,4.830,507.112,548,,,,,,,,,,6528,70269,7378256,135,14306.625,4.912,515.723,540
,,,,,,,6420,69107,7256189,135,14306.625,4.830,507.191,409,,,,,,,,,,3393,36523,3834930,180,25434,1.436,150.780,422
,,,,,,,6603,71076,7463025,130,13266.5,5.358,562.547,120*,,,,,,,,,,6511,70086,7359042,145,16504.625,4.246,445.878,737
,,,,,,,6263,67417,7078741,135,14306.625,4.712,494.788,249,,,,,,,,,,6906,74338,7805490,135,14306.625,5.196,545.586,359
,,,0.47,141,0.47,0.093,5702,61378,8654273,135,14306.625,4.290,604.914,446,,,,,,0.47,141,0.47,0.093,6059,65221,9196114,135,14306.625,4.559,642.787,815
,,,,,,,5757,61970,8737750,130,13266.5,4.671,658.633,614,,,,,,,,,,6006,64650,9115673,135,14306.625,4.519,637.164,799
,,,,,,,5728,61658,8693735,135,14306.625,4.310,607.672,614,,,,,,,,,,6171,66426,9366103,135,14306.625,4.643,654.669,626
,,,,,,,5721,61582,8683111,135,14306.625,4.304,606.929,385,,,,,,,,,,6337,68213,9618052,135,14306.625,4.768,672.280,512
,,,,,,,5860,63079,8894080,135,14306.625,4.409,621.676,171,,,,,,,,,,6236,67126,9464758,140,15386,4.363,615.154,755
,,,,,,,5959,64144,9044338,135,14306.625,4.484,632.178,311,,,,,,,,,,6289,67696,9545199,135,14306.625,4.732,667.187,503
1,α2-3 SiaLac,150,0.34,51,0.34,0.063,454,7206,367524,110,9498.5,0.759,38.693,634,,,1,α2-3 SiaLac,150,0.34,51,0.34,0.063,423,6714,342429,130,13266.5,0.506,25.812,953
,,,,,,,444,7048,359429,110,9498.5,0.742,37.841,645,,,,,,,,,,426,6762,344857,135,14306.625,0.473,24.105,1487*
,,,,,,,443,7032,358619,115,10381.625,0.677,34.544,611,,,,,,,,,,422,6698,341619,140,15386,0.435,22.203,933
,,,,,,,439,6968,355381,115,10381.625,0.671,34.232,682,,,,,,,,,,405,6429,327857,140,15386,0.418,21.309,723
,,,,,,,473,7508,382905,105,8654.625,0.868,44.243,669,,,,,,,,,,431,6841,348905,135,14306.625,0.478,24.388,786
,,,,,,,471,7476,381286,120,11304,0.661,33.730,727,,,,,,,,,,401,6365,324619,140,15386,0.414,21.098,750
,,,0.58,87,0.58,0.063,269,4270,371476,130,13266.5,0.322,28.001,617,,,,,,0.58,87,0.58,0.063,371,5889,512333,120,11304,0.521,45.323,1258
,,,,,,,267,4238,368714,130,13266.5,0.319,27.793,558,,,,,,,,,,363,5762,501286,125,12265.625,0.470,40.869,1569
,,,,,,,275,4365,379762,135,14306.625,0.305,26.544,584,,,,,,,,,,355,5635,490238,130,13266.5,0.425,36.953,1037
,,,,,,,276,4381,381143,135,14306.625,0.306,26.641,563,,,,,,,,,,340,5397,469524,130,13266.5,0.407,35.392,926
,,,,,,,269,4270,371476,135,14306.625,0.298,25.965,567,,,,,,,,,,370,5873,510952,120,11304,0.520,45.201,993
,,,,,,,277,4397,382524,135,14306.625,0.307,26.738,611,,,,,,,,,,371,5889,512333,120,11304,0.521,45.323,932
,,200,0.37,74,0.37,0.275,2110,7673,567782,140,15386,0.499,36.902,1208,,,,,200,0.37,74,0.37,0.275,2313,8411,622407,140,15386,0.547,40.453,1641
,,,,,,,2094,7615,563476,140,15386,0.495,36.623,1200,,,,,,,,,,2301,8367,619178,140,15386,0.544,40.243,1691
,,,,,,,2143,7793,576662,140,15386,0.506,37.480,1306,,,,,,,,,,2337,8498,628865,140,15386,0.552,40.873,1553
,,,,,,,2126,7731,572087,140,15386,0.502,37.182,1166,,,,,,,,,,2313,8411,622407,140,15386,0.547,40.453,1323
,,,,,,,2165,7873,582582,140,15386,0.512,37.864,1163,,,,,,,,,,2324,8451,625367,140,15386,0.549,40.645,1293
,,,,,,,2255,8200,606800,140,15386,0.533,39.438,1207,,,,,,,,,,2316,8422,623215,140,15386,0.547,40.505,1289
,,,0.52,104,0.52,0.275,1820,6618,688291,130,13266.5,0.499,51.882,1339,,,,,,0.52,104,0.52,0.275,2037,7407,770356,135,14306.625,0.518,53.846,1581
,,,,,,,1785,6491,675055,135,14306.625,0.454,47.185,1432,,,,,,,,,,1999,7269,755985,135,14306.625,0.508,52.842,1428
,,,,,,,1836,6676,694342,135,14306.625,0.467,48.533,1271,,,,,,,,,,2037,7407,770356,140,15386,0.481,50.069,1580
,,,,,,,1807,6571,683375,135,14306.625,0.459,47.766,1248,,,,,,,,,,2017,7335,762793,135,14306.625,0.513,53.317,1409
,,,,,,,1823,6629,689425,135,14306.625,0.463,48.189,1142,,,,,,,,,,2059,7487,778676,135,14306.625,0.523,54.428,1330
,,,,,,,1785,6491,675055,135,14306.625,0.454,47.185,1158,,,,,,,,,,1974,7178,746531,135,14306.625,0.502,52.181,1359
,,300,0.36,108,0.36,0.093,659,7094,766114,140,15386,0.461,49.793,1409,,,,,300,0.36,108,0.36,0.093,701,7546,814941,140,15386,0.490,52.966,1467
,,,,,,,683,7352,794015,135,14306.625,0.514,55.500,1704,,,,,,,,,,707,7610,821916,140,15386,0.495,53.420,1523
,,,,,,,681,7330,791690,140,15386,0.476,51.455,1310,,,,,,,,,,731,7869,849817,140,15386,0.511,55.233,1676
,,,,,,,684,7363,795178,140,15386,0.479,51.682,1680,,,,,,,,,,717,7718,833541,140,15386,0.502,54.175,1346
,,,,,,,682,7341,792853,140,15386,0.477,51.531,1176,,,,,,,,,,709,7632,824241,140,15386,0.496,53.571,1333
,,,,,,,677,7287,787040,135,14306.625,0.509,55.012,1171,,,,,,,,,,705,7589,819591,135,14306.625,0.530,57.288,1448
,,,0.46,138,0.46,0.093,842,9064,1250764,135,14306.625,0.634,87.426,1213,,,,,,0.46,138,0.46,0.093,867,9333,1287901,140,15386,0.607,83.706,1742
,,,,,,,829,8924,1231453,135,14306.625,0.624,86.076,1730,,,,,,,,,,885,9526,1314639,145,16504.625,0.577,79.653,1377
,,,,,,,848,9128,1259677,135,14306.625,0.638,88.049,1192,,,,,,,,,,882,9494,1310183,145,16504.625,0.575,79.383,1541
,,,,,,,857,9225,1273046,135,14306.625,0.645,88.983,1028,,,,,,,,,,887,9548,1317610,140,15386,0.621,85.637,1385
,,,,,,,862,9279,1280474,140,15386,0.603,83.223,968,,,,,,,,,,893,9612,1326523,140,15386,0.625,86.216,1493
,,,,,,,859,9247,1276017,135,14306.625,0.646,89.191,850,,,,,,,,,,904,9731,1342863,145,16504.625,0.590,81.363,1484
5,α2-3 SiaLac,150,0.34,51,0.34,0.063,1892,30032,1531619,135,14306.625,2.099,107.057,1148,,,5,α2-3 SiaLac,150,0.34,51,0.34,0.063,2028,32190,1641714,140,15386,2.092,106.702,1501*
,,,,,,,1880,29841,1521905,135,14306.625,2.086,106.378,1250,,,,,,,,,,1964,31175,1589905,140,15386,2.026,103.335,1576*
,,,,,,,1908,30286,1544571,135,14306.625,2.117,107.962,1196,,,,,,,,,,1980,31429,1602857,140,15386,2.043,104.176,1669*
,,,,,,,1935,30714,1566429,140,15386,1.996,101.809,1113,,,,,,,,,,2007,31857,1624714,140,15386,2.071,105.597,1601*
,,,,,,,1949,30937,1577762,140,15386,2.011,102.545,1058,,,,,,,,,,2021,32079,1636048,140,15386,2.085,106.334,9999*
,,,,,,,1978,31397,1601238,140,15386,2.041,104.071,1049,,,,,,,,,,2009,31889,1626333,135,14306.625,2.229,113.677,1794
,,,0.58,87,0.58,0.063,1503,23857,2075571,130,13266.5,1.798,156.452,1189,,,,,,0.58,87,0.58,0.063,1410,22381,1947143,135,14306.625,1.564,136.101,1370
,,,,,,,1311,20810,1810429,135,14306.625,1.455,126.545,1289,,,,,,,,,,1404,22286,1938857,140,15386,1.448,126.014,1415
,,,,,,,1464,23238,2021714,125,12265.625,1.895,164.828,1198,,,,,,,,,,1411,22397,1948524,135,14306.625,1.565,136.197,1456
,,,,,,,1441,22873,1989952,130,13266.5,1.724,149.998,1173,,,,,,,,,,1404,22286,1938857,140,15386,1.448,126.014,1510
,,,,,,,1492,23683,2060381,135,14306.625,1.655,144.016,1070,,,,,,,,,,1400,22222,1933333,140,15386,1.444,125.655,1640
,,,,,,,1457,23127,2012048,130,13266.5,1.743,151.664,954,,,,,,,,,,1371,21762,1893286,140,15386,1.414,123.052,1545
,,200,0.37,74,0.37,0.275,8708,31665,2343244,135,14306.625,2.213,163.787,1116,,,,,200,0.37,74,0.37,0.275,9103,33102,2449535,135,14306.625,2.314,171.217,1361
,,,,,,,8658,31484,2329789,140,15386,2.046,151.423,1139,,,,,,,,,,8986,32676,2418051,140,15386,2.124,157.159,1462
,,,,,,,8677,31553,2334902,140,15386,2.051,151.755,1075,,,,,,,,,,9007,32753,2423702,140,15386,2.129,157.526,1558
,,,,,,,8694,31615,2339476,140,15386,2.055,152.052,1057,,,,,,,,,,9090,33055,2446036,140,15386,2.148,158.978,9999*
,,,,,,,8890,32327,2392218,135,14306.625,2.260,167.211,1020,,,,,,,,,,9288,33775,2499316,140,15386,2.195,162.441,1597
,,,,,,,9027,32825,2429084,140,15386,2.133,157.876,890,,,,,,,,,,9134,33215,2457876,140,15386,2.159,159.748,1366
,,,0.52,104,0.52,0.275,7859,28578,2972131,135,14306.625,1.998,207.745,1004,,,,,,0.52,104,0.52,0.275,8213,29865,3106007,140,15386,1.941,201.872,1179
,,,,,,,7976,29004,3016378,135,14306.625,2.027,210.838,982,,,,,,,,,,8142,29607,3079156,140,15386,1.924,200.127,1305
,,,,,,,8072,29353,3052684,135,14306.625,2.052,213.376,967,,,,,,,,,,8553,31102,3234589,135,14306.625,2.174,226.090,1278
,,,,,,,7964,28960,3011840,135,14306.625,2.024,210.521,929,,,,,,,,,,8442,30698,3192611,135,14306.625,2.146,223.156,1254
,,,,,,,8052,29280,3045120,135,14306.625,2.047,212.847,878,,,,,,,,,,8586,31222,3247069,135,14306.625,2.182,226.963,1149
,,,,,,,8220,29891,3108655,135,14306.625,2.089,217.288,860,,,,,,,,,,8570,31164,3241018,135,14306.625,2.178,226.540,1099
,,300,0.36,108,0.36,0.093,3148,33886,3659677,145,16504.625,2.053,221.736,955,,,,,300,0.36,108,0.36,0.093,3483,37492,4049128,140,15386,2.437,263.170,1282
,,,,,,,3167,34090,3681765,145,16504.625,2.066,223.075,1009,,,,,,,,,,3454,37180,4015414,140,15386,2.416,260.978,1311
,,,,,,,3242,34898,3768956,140,15386,2.268,244.960,936,,,,,,,,,,3535,38052,4109580,140,15386,2.473,267.099,1330
,,,,,,,3262,35113,3792207,145,16504.625,2.127,229.766,970,,,,,,,,,,3575,38482,4156082,140,15386,2.501,270.121,1220
,,,,,,,3308,35608,3845684,145,16504.625,2.157,233.006,972,,,,,,,,,,3672,39526,4268848,140,15386,2.569,277.450,1176
,,,,,,,3527,37966,4100280,145,16504.625,2.300,248.432,924,,,,,,,,,,3389,36480,3939849,170,22686.5,1.608,173.665,1069
,,,0.46,138,0.46,0.093,2880,31001,4278149,130,13266.5,2.337,322.478,752,,,,,,0.46,138,0.46,0.093,2770,29817,4114747,130,13266.5,2.248,310.161,1195
,,,,,,,2830,30463,4203875,130,13266.5,2.296,316.879,781,,,,,,,,,,2960,31862,4396986,130,13266.5,2.402,331.435,1208
,,,,,,,2907,31292,4318256,130,13266.5,2.359,325.501,799,,,,,,,,,,2703,29096,4015221,130,13266.5,2.193,302.659,1128
,,,,,,,2999,32282,4454919,130,13266.5,2.433,335.802,814,,,,,,,,,,2720,29279,4040474,135,14306.625,2.047,282.420,1059
,,,,,,,3072,33068,4563358,130,13266.5,2.493,343.976,807,,,,,,,,,,2839,30560,4217244,135,14306.625,2.136,294.776,981
,,,,,,,3016,32465,4480172,130,13266.5,2.447,337.706,800,,,,,,,,,,2755,29656,4092465,135,14306.625,2.073,286.054,1069
10,α2-3 SiaLac,150,0.34,51,0.34,0.063,3635,57698,2942619,140,15386,3.750,191.253,925,,,10,α2-3 SiaLac,150,0.34,51,0.34,0.063,3605,57222,2918333,140,15386,3.719,189.675,1675
,,,,,,,3723,59095,3013857,135,14306.625,4.131,210.662,973,,,,,,,,,,3563,56556,2884333,145,16504.625,3.427,174.759,1546
,,,,,,,3758,59651,3042190,140,15386,3.877,197.725,1152,,,,,,,,,,3576,56762,2894857,145,16504.625,3.439,175.397,1181
,,,,,,,3650,57937,2954762,140,15386,3.766,192.042,969,,,,,,,,,,3542,56222,2867333,145,16504.625,3.406,173.729,929
,,,,,,,3739,59349,3026810,140,15386,3.857,196.725,673,,,,,,,,,,3591,57000,2907000,145,16504.625,3.454,176.132,1114
,,,,,,,3809,60460,3083476,140,15386,3.930,200.408,943,,,,,,,,,,3660,58095,2962857,145,16504.625,3.520,179.517,1086
,,,0.58,87,0.58,0.063,2562,40667,3538000,135,14306.625,2.843,247.298,912,,,,,,0.58,87,0.58,0.063,2848,45206,3932952,140,15386,2.938,255.619,1475
,,,,,,,2498,39651,3449619,135,14306.625,2.771,241.120,1003,,,,,,,,,,2790,44286,3852857,140,15386,2.878,250.413,1519
,,,,,,,2494,39587,3444095,135,14306.625,2.767,240.734,1135,,,,,,,,,,2852,45270,3938476,140,15386,2.942,255.978,1214
,,,,,,,2546,40413,3515905,135,14306.625,2.825,245.754,1005,,,,,,,,,,2876,45651,3971619,140,15386,2.967,258.132,865
,,,,,,,2703,42905,3732714,135,14306.625,2.999,260.908,781,,,,,,,,,,2907,46143,4014429,140,15386,2.999,260.914,1236
,,,,,,,2530,40159,3493810,135,14306.625,2.807,244.209,1024,,,,,,,,,,2770,43968,3825238,140,15386,2.858,248.618,1071
,,200,0.37,74,0.37,0.275,17906,65113,4818342,135,14306.625,4.551,336.791,914,,,,,200,0.37,74,0.37,0.275,18262,66407,4914138,140,15386,4.316,319.390,1372
,,,,,,,18258,66393,4913062,140,15386,4.315,319.320,926,,,,,,,,,,18538,67411,4988407,140,15386,4.381,324.217,1410
,,,,,,,17922,65171,4822647,140,15386,4.236,313.444,1060,,,,,,,,,,18219,66251,4902567,140,15386,4.306,318.638,687
,,,,,,,18094,65796,4868931,140,15386,4.276,316.452,648,,,,,,,,,,18041,65604,4854669,145,16504.625,3.975,294.140,491
,,,,,,,18806,68385,5060524,140,15386,4.445,328.904,341,,,,,,,,,,18788,68320,5055680,145,16504.625,4.139,306.319,802
,,,,,,,18716,68058,5036305,140,15386,4.423,327.330,666,,,,,,,,,,18559,67487,4994058,140,15386,4.386,324.585,890
,,,0.52,104,0.52,0.275,13890,50509,5252945,140,15386,3.283,341.411,871,,,,,,0.52,104,0.52,0.275,17234,62669,6517585,140,15386,4.073,423.605,1229
,,,,,,,6722,24444,2542138,135,14306.625,1.709,177.690,977,,,,,,,,,,13630,49564,5154618,165,21371.625,2.319,241.190,1378
,,,,,,,9294,33796,3514822,135,14306.625,2.362,245.678,1027,,,,,,,,,,14085,51218,5326691,155,18859.625,2.716,282.439,826
,,,,,,,8819,32069,3335185,165,21371.625,1.501,156.057,503,,,,,,,,,,11214,40778,4240931,185,26866.625,1.518,157.851,443
,,,,,,,10137,36862,3833629,155,18859.625,1.955,203.272,425,,,,,,,,,,14107,51298,5335011,160,20096,2.553,265.476,937
,,,,,,,13466,48967,5092596,135,14306.625,3.423,355.961,765,,,,,,,,,,17163,62411,6490735,140,15386,4.056,421.860,809
,,300,0.36,108,0.36,0.093,3948,42497,4589709,155,18859.625,2.253,243.362,877,,,,,300,0.36,108,0.36,0.093,5724,61615,6654381,200,31400,1.962,211.923,1035
,,,,,,,6175,66469,7178687,155,18859.625,3.524,380.638,999,,,,,,,,,,4968,53477,5775501,205,32989.625,1.621,175.070,1173
,,,,,,,6131,65996,7127535,155,18859.625,3.499,377.926,1017,,,,,,,,,,4608,49602,5356986,250,49062.5,1.011,109.187,759
,,,,,,,6167,66383,7169386,155,18859.625,3.520,380.145,448,,,,,,,,,,6672,71819,7756469,155,18859.625,3.808,411.274,310
,,,,,,,6488,69839,7542562,150,17662.5,3.954,427.038,423,,,,,,,,,,7770,83638,9032939,140,15386,5.436,587.088,905
,,,,,,,7400,79656,8602799,150,17662.5,4.510,487.066,686,,,,,,,,,,8896,95759,10341959,145,16504.625,5.802,626.610,623
,,,0.46,138,0.46,0.093,5233,56329,7773455,140,15386,3.661,505.229,795,,,,,,0.46,138,0.46,0.093,5888,63380,8746437,140,15386,4.119,568.467,913
,,,,,,,5247,56480,7794252,140,15386,3.671,506.581,1003,,,,,,,,,,6011,64704,8929150,140,15386,4.205,580.342,1048
,,,,,,,5342,57503,7935371,140,15386,3.737,515.753,1096,,,,,,,,,,6146,66157,9129688,140,15386,4.300,593.376,545
,,,,,,,5441,58568,8082433,140,15386,3.807,525.311,581,,,,,,,,,,6400,68891,9506997,140,15386,4.478,617.899,744
,,,,,,,5905,63563,8771690,140,15386,4.131,570.109,472,,,,,,,,,,7960,85684,11824327,140,15386,5.569,768.512,910
,,,,,,,6850,73735,10175457,140,15386,4.792,661.345,700,,,,,,,,,,10130,109042,15047793,140,15386,7.087,978.019,749
1,Lac,150,0.51,77,0.51,0.063,400,6349,485714,135,14306.625,0.444,33.950,42,,,1,Lac,150,0.51,77,0.51,0.063,405,6429,491786,135,14306.625,0.449,34.375,23
,,,,,,,384,6095,466286,135,14306.625,0.426,32.592,30,,,,,,,,,,388,6159,471143,140,15386,0.400,30.622,9999***
,,,,,,,389,6175,472357,130,13266.5,0.465,35.605,88,,,,,,,,,,394,6254,478429,135,14306.625,0.437,33.441,42
,,,,,,,390,6190,473571,135,14306.625,0.433,33.102,27,,,,,,,,,,392,6222,476000,135,14306.625,0.435,33.271,45
,,,,,,,393,6238,477214,140,15386,0.405,31.016,16,,,,,,,,,,389,6175,472357,135,14306.625,0.432,33.017,39
,,,,,,,395,6270,479643,135,14306.625,0.438,33.526,21,,,,,,,,,,384,6095,466286,140,15386,0.396,30.306,16
,,,0.73,110,0.73,0.063,348,5524,604857,140,15386,0.359,39.312,31,,,,,,0.73,110,0.73,0.063,506,8032,879476,130,13266.5,0.605,66.293,89
,,,,,,,357,5667,620500,140,15386,0.368,40.329,21,,,,,,,,,,442,7016,768238,130,13266.5,0.529,57.908,63
,,,,,,,368,5841,639619,135,14306.625,0.408,44.708,9,,,,,,,,,,472,7492,820381,125,12265.625,0.611,66.885,49
,,,,,,,358,5683,622238,140,15386,0.369,40.442,33,,,,,,,,,,428,6794,743905,135,14306.625,0.475,51.997,65
,,,,,,,357,5667,620500,140,15386,0.368,40.329,26,,,,,,,,,,442,7016,768238,130,13266.5,0.529,57.908,53
,,,,,,,365,5794,634405,135,14306.625,0.405,44.343,6,,,,,,,,,,464,7365,806476,130,13266.5,0.555,60.790,46
,,200,0.47,94,0.47,0.275,2640,9600,902400,135,14306.625,0.671,63.076,79,,,,,200,0.47,94,0.47,0.275,2856,10385,976233,140,15386,0.675,63.449,92
,,,,,,,2631,9567,899324,135,14306.625,0.669,62.861,53,,,,,,,,,,2857,10389,976575,135,14306.625,0.726,68.260,67
,,,,,,,2683,9756,917098,135,14306.625,0.682,64.103,47,,,,,,,,,,2839,10324,970422,135,14306.625,0.722,67.830,91
,,,,,,,2706,9840,924960,135,14306.625,0.688,64.653,38,,,,,,,,,,2853,10375,975207,135,14306.625,0.725,68.165,81
,,,,,,,2765,10055,945127,135,14306.625,0.703,66.062,64,,,,,,,,,,2891,10513,988196,140,15386,0.683,64.227,57
,,,,,,,2760,10036,943418,135,14306.625,0.702,65.943,10,,,,,,,,,,2860,10400,977600,135,14306.625,0.727,68.332,44
,,,0.66,132,0.66,0.275,2099,7633,1007520,135,14306.625,0.534,70.423,63,,,,,,0.66,132,0.66,0.275,2207,8025,1059360,135,14306.625,0.561,74.047,98
,,,,,,,2034,7396,976320,135,14306.625,0.517,68.243,31,,,,,,,,,,2223,8084,1067040,135,14306.625,0.565,74.584,90
,,,,,,,2088,7593,1002240,135,14306.625,0.531,70.054,37,,,,,,,,,,2283,8302,1095840,135,14306.625,0.580,76.597,46
,,,,,,,2190,7964,1051200,135,14306.625,0.557,73.476,28,,,,,,,,,,2261,8222,1085280,135,14306.625,0.575,75.859,47
,,,,,,,2233,8120,1071840,135,14306.625,0.568,74.919,63,,,,,,,,,,2301,8367,1104480,140,15386,0.544,71.785,50
,,,,,,,2140,7782,1027200,135,14306.625,0.544,71.799,204,,,,,,,,,,2186,7949,1049280,135,14306.625,0.556,73.342,35
,,300,0.28,84,0.28,0.093,977,10517,883402,140,15386,0.684,57.416,69,,,,,300,0.28,84,0.28,0.093,1010,10872,913240,140,15386,0.707,59.355,94
,,,,,,,998,10743,902390,135,14306.625,0.751,63.075,61,,,,,,,,,,1027,11055,928611,140,15386,0.719,60.354,60
,,,,,,,1013,10904,915953,135,14306.625,0.762,64.023,35,,,,,,,,,,1031,11098,932228,135,14306.625,0.776,65.161,18
,,,,,,,999,10753,903294,140,15386,0.699,58.709,29,,,,,,,,,,1011,10883,914144,140,15386,0.707,59.414,42
,,,,,,,1034,11130,934941,140,15386,0.723,60.766,54,,,,,,,,,,1074,11561,971109,140,15386,0.751,63.116,75
,,,,,,,978,10527,884306,140,15386,0.684,57.475,183,,,,,,,,,,1069,11507,966588,140,15386,0.748,62.823,63
,,,0.56,168,0.56,0.093,859,9247,1553412,135,14306.625,0.646,108.580,53,,,,,,0.56,168,0.56,0.093,945,10172,1708934,135,14306.625,0.711,119.451,151
,,,,,,,842,9064,1522670,135,14306.625,0.634,106.431,62,,,,,,,,,,931,10022,1683617,140,15386,0.651,109.425,100
,,,,,,,884,9516,1598622,140,15386,0.618,103.901,69,,,,,,,,,,939,10108,1698084,140,15386,0.657,110.366,63
,,,,,,,895,9634,1618515,135,14306.625,0.673,113.130,44,,,,,,,,,,966,10398,1746911,140,15386,0.676,113.539,29
,,,,,,,909,9785,1643832,135,14306.625,0.684,114.900,50,,,,,,,,,,1005,10818,1817438,135,14306.625,0.756,127.035,33
,,,,,,,939,10108,1698084,135,14306.625,0.707,118.692,55,,,,,,,,,,1069,11507,1933175,135,14306.625,0.804,135.124,66
5,Lac,150,0.51,77,0.51,0.063,2163,34333,2626500,140,15386,2.231,170.707,15,,,5,Lac,150,0.51,77,0.51,0.063,2328,36952,2826857,135,14306.625,2.583,197.591,35
,,,,,,,2052,32571,2491714,140,15386,2.117,161.947,27,,,,,,,,,,2417,38365,2934929,140,15386,2.494,190.753,56
,,,,,,,2093,33222,2541500,135,14306.625,2.322,177.645,28,,,,,,,,,,2414,38317,2931286,135,14306.625,2.678,204.890,56
,,,,,,,2141,33984,2599786,135,14306.625,2.375,181.719,5,,,,,,,,,,2435,38651,2956786,135,14306.625,2.702,206.672,64
,,,,,,,2196,34857,2666571,140,15386,2.266,173.312,22,,,,,,,,,,2510,39841,3047857,140,15386,2.589,198.093,68
,,,,,,,2143,34016,2602214,140,15386,2.211,169.129,39,,,,,,,,,,2461,39063,2988357,140,15386,2.539,194.226,79
,,,0.73,110,0.73,0.063,1925,30556,3345833,140,15386,1.986,217.460,14,,,,,,0.73,110,0.73,0.063,2272,36063,3948952,135,14306.625,2.521,276.023,41
,,,,,,,1908,30286,3316286,135,14306.625,2.117,231.801,25,,,,,,,,,,2262,35905,3931571,135,14306.625,2.510,274.808,41
,,,,,,,1896,30095,3295429,135,14306.625,2.104,230.343,24,,,,,,,,,,2324,36889,4039333,130,13266.5,2.781,304.476,76
,,,,,,,1912,30349,3323238,135,14306.625,2.121,232.287,37,,,,,,,,,,2341,37159,4068881,135,14306.625,2.597,284.405,89
,,,,,,,1969,31254,3422310,135,14306.625,2.185,239.212,27,,,,,,,,,,2391,37952,4155786,135,14306.625,2.653,290.480,79
,,,,,,,1957,31063,3401452,135,14306.625,2.171,237.754,3,,,,,,,,,,2225,35317,3867262,135,14306.625,2.469,270.313,78
,,200,0.47,94,0.47,0.275,11676,42458,3991069,135,14306.625,2.968,278.966,21,,,,,200,0.47,94,0.47,0.275,13249,48178,4528749,140,15386,3.131,294.342,107
,,,,,,,11549,41996,3947658,135,14306.625,2.935,275.932,30,,,,,,,,,,13324,48451,4554385,140,15386,3.149,296.008,63
,,,,,,,11712,42589,4003375,135,14306.625,2.977,279.827,12,,,,,,,,,,13777,50098,4709229,190,28338.5,1.768,166.178,88
,,,,,,,11808,42938,4036189,140,15386,2.791,262.329,270,,,,,,,,,,14005,50927,4787164,135,14306.625,3.560,334.612,130
,,,,,,,12023,43720,4109680,135,14306.625,3.056,287.257,-3,,,,,,,,,,14071,51167,4809724,140,15386,3.326,312.604,130
,,,,,,,12153,44193,4154116,140,15386,2.872,269.993,41,,,,,,,,,,14464,52596,4944058,140,15386,3.418,321.335,153
,,,0.66,132,0.66,0.275,9911,36040,4757280,135,14306.625,2.519,332.523,28,,,,,,0.66,132,0.66,0.275,10318,37520,4952640,140,15386,2.439,321.893,59
,,,,,,,9875,35909,4740000,135,14306.625,2.510,331.315,53,,,,,,,,,,10338,37593,4962240,140,15386,2.443,322.517,92
,,,,,,,9951,36185,4776480,140,15386,2.352,310.443,41,,,,,,,,,,10531,38295,5054880,135,14306.625,2.677,353.324,103
,,,,,,,10129,36833,4861920,135,14306.625,2.575,339.837,49,,,,,,,,,,10564,38415,5070720,140,15386,2.497,329.567,122
,,,,,,,10217,37153,4904160,140,15386,2.415,318.742,32,,,,,,,,,,10513,38229,5046240,140,15386,2.485,327.976,141
,,,,,,,10595,38527,5085600,140,15386,2.504,330.534,73,,,,,,,,,,11099,40360,5327520,140,15386,2.623,346.258,167
,,300,0.28,84,0.28,0.093,4478,48202,4048999,145,16504.625,2.921,245.325,2,,,,,300,0.28,84,0.28,0.093,4787,51529,4328396,145,16504.625,3.122,262.254,72
,,,,,,,4430,47686,4005597,145,16504.625,2.889,242.695,16,,,,,,,,,,4836,52056,4372702,145,16504.625,3.154,264.938,77
,,,,,,,4495,48385,4064370,145,16504.625,2.932,246.256,34,,,,,,,,,,4860,52314,4394403,145,16504.625,3.170,266.253,107
,,,,,,,4525,48708,4091496,145,16504.625,2.951,247.900,10,,,,,,,,,,5028,54123,4546308,140,15386,3.518,295.483,108
,,,,,,,4769,51335,4312121,140,15386,3.336,280.263,36,,,,,,,,,,5343,57513,4831130,145,16504.625,3.485,292.714,121
,,,,,,,5361,57707,4847406,145,16504.625,3.496,293.700,49,,,,,,,,,,6743,72583,6097008,140,15386,4.717,396.270,108
,,,0.56,168,0.56,0.093,4274,46006,7729085,145,16504.625,2.787,468.298,66,,,,,,0.56,168,0.56,0.093,4738,51001,8568181,145,16504.625,3.090,519.138,120
,,,,,,,4298,46265,7772487,150,17662.5,2.619,440.056,68,,,,,,,,,,4724,50850,8542863,145,16504.625,3.081,517.604,160
,,,,,,,4284,46114,7747169,150,17662.5,2.611,438.622,19,,,,,,,,,,4821,51895,8718278,140,15386,3.373,566.637,160
,,,,,,,4278,46050,7736319,145,16504.625,2.790,468.736,58,,,,,,,,,,4895,52691,8852099,145,16504.625,3.193,536.341,194
,,,,,,,4482,48245,8105231,150,17662.5,2.732,458.895,47,,,,,,,,,,5611,60398,10146911,140,15386,3.926,659.490,218
,,,,,,,4964,53434,8976878,150,17662.5,3.025,508.245,66,,,,,,,,,,6971,75038,12606329,145,16504.625,4.546,763.806,206
10,Lac,150,0.51,77,0.51,0.063,4022,63841,4883857,140,15386,4.149,317.422,1,,,10,Lac,150,0.51,77,0.51,0.063,4263,67667,5176500,140,15386,4.398,336.442,65
,,,,,,,4010,63651,4869286,140,15386,4.137,316.475,0,,,,,,,,,,4173,66238,5067214,145,16504.625,4.013,307.018,16
,,,,,,,4077,64714,4950643,140,15386,4.206,321.763,36,,,,,,,,,,4234,67206,5141286,140,15386,4.368,334.153,5
,,,,,,,4094,64984,4971286,135,14306.625,4.542,347.481,-8,,,,,,,,,,4256,67556,5168000,140,15386,4.391,335.890,29
,,,,,,,4048,64254,4915429,135,14306.625,4.491,343.577,-6,,,,,,,,,,4270,67778,5185000,140,15386,4.405,336.995,32
,,,,,,,4223,67032,5127929,135,14306.625,4.685,358.430,36,,,,,,,,,,4387,69635,5327071,140,15386,4.526,346.228,31
,,,0.73,110,0.73,0.063,4136,65651,7188762,135,14306.625,4.589,502.478,9,,,,,,0.73,110,0.73,0.063,4620,73333,8030000,135,14306.625,5.126,561.278,74
,,,,,,,4079,64746,7089690,135,14306.625,4.526,495.553,28,,,,,,,,,,4633,73540,8052595,135,14306.625,5.140,562.858,56
,,,,,,,4203,66714,7305214,135,14306.625,4.663,510.618,38,,,,,,,,,,4781,75889,8309833,135,14306.625,5.304,580.838,38
,,,,,,,4267,67730,7416452,135,14306.625,4.734,518.393,8,,,,,,,,,,4984,79111,8662667,135,14306.625,5.530,605.500,70
,,,,,,,4360,69206,7578095,135,14306.625,4.837,529.691,27,,,,,,,,,,5282,83841,9180619,140,15386,5.449,596.687,33
,,,,,,,4256,67556,7397333,135,14306.625,4.722,517.056,39,,,,,,,,,,4795,76111,8334167,140,15386,4.947,541.672,70
,,200,0.47,94,0.47,0.275,19344,70342,6612131,135,14306.625,4.917,462.173,67,,,,,200,0.47,94,0.47,0.275,19508,70938,6668189,140,15386,4.611,433.393,101
,,,,,,,19104,69469,6530095,140,15386,4.515,424.418,-70,,,,,,,,,,19683,71575,6728007,140,15386,4.652,437.281,-53
,,,,,,,19290,70145,6593673,135,14306.625,4.903,460.882,43,,,,,,,,,,20192,73425,6901993,140,15386,4.772,448.589,86
,,,,,,,19507,70935,6667847,135,14306.625,4.958,466.067,-52,,,,,,,,,,19749,71815,6750567,140,15386,4.668,438.747,115
,,,,,,,19779,71924,6760822,140,15386,4.675,439.414,-20,,,,,,,,,,20236,73585,6917033,140,15386,4.783,449.567,143
,,,,,,,19813,72047,6772444,135,14306.625,5.036,473.378,36,,,,,,,,,,20066,72967,6858924,145,16504.625,4.421,415.576,88
,,,0.66,132,0.66,0.275,16416,59695,7879680,145,16504.625,3.617,477.423,65,,,,,,0.66,132,0.66,0.275,18284,66487,8776320,140,15386,4.321,570.409,138
,,,,,,,16694,60705,8013120,140,15386,3.945,520.806,38,,,,,,,,,,18304,66560,8785920,140,15386,4.326,571.033,141
,,,,,,,16606,60385,7970880,145,16504.625,3.659,482.948,48,,,,,,,,,,18647,67807,8950560,140,15386,4.407,581.734,164
,,,,,,,17310,62945,8308800,140,15386,4.091,540.023,9999*,,,,,,,,,,19104,69469,9169920,140,15386,4.515,595.991,164
,,,,,,,18093,65793,8684640,140,15386,4.276,564.451,46,,,,,,,,,,19688,71593,9450240,145,16504.625,4.338,572.581,163
,,,,,,,20113,73138,9654240,140,15386,4.754,627.469,48,,,,,,,,,,22334,81215,10720320,140,15386,5.278,696.758,161
,,300,0.28,84,0.28,0.093,8135,87567,7355651,140,15386,5.691,478.074,-974,,,,,300,0.28,84,0.28,0.093,8738,94058,7900883,145,16504.625,5.699,478.707,-929
,,,,,,,8165,87890,7382777,140,15386,5.712,479.837,40,,,,,,,,,,8863,95404,8013907,145,16504.625,5.780,485.555,101
,,,,,,,8205,88321,7418945,145,16504.625,5.351,449.507,27,,,,,,,,,,9105,98009,8232723,145,16504.625,5.938,498.813,84
,,,,,,,8174,87987,7390915,145,16504.625,5.331,447.809,7,,,,,,,,,,9439,101604,8534726,145,16504.625,6.156,517.111,76
,,,,,,,8633,92928,7805942,145,16504.625,5.630,472.955,2,,,,,,,,,,10497,112992,9491367,145,16504.625,6.846,575.073,78
,,,,,,,10045,108127,9082670,140,15386,7.028,590.320,9,,,,,,,,,,14570,156835,13174166,140,15386,10.193,856.244,130
,,,0.56,168,0.56,0.093,7383,79473,13351389,140,15386,5.165,867.762,82,,,,,,0.56,168,0.56,0.093,8474,91216,15324349,135,14306.625,6.376,1071.137,197
,,,,,,,7543,81195,13640732,140,15386,5.277,886.568,88,,,,,,,,,,8472,91195,15320732,135,14306.625,6.374,1070.884,168
,,,,,,,7481,80527,13528611,145,16504.625,4.879,819.686,25,,,,,,,,,,8563,92174,15485296,140,15386,5.991,1006.454,232
,,,,,,,7724,83143,13968052,140,15386,5.404,907.842,47,,,,,,,,,,8680,93434,15696878,140,15386,6.073,1020.205,227
,,,,,,,8624,92831,15595608,140,15386,6.033,1013.623,101,,,,,,,,,,9039,97298,16346093,135,14306.625,6.801,1142.554,288
,,,,,,,9515,102422,17206889,140,15386,6.657,1118.347,82,,,,,,,,,,10166,109429,18384155,135,14306.625,7.649,1285.010,163