,,,,,,,,,,,,,,,,,,,,,,,,,,,,,,,
,,,,,,,,,,,,,,,,,,,,,,,,,,,,,,,
,,,,,,,,,,,,,,,,,,,,,,,,,,,,,,,
,,,,,,,,,,,,,,,,,,,,,,,,,,,,,,,
,,,,,,,,,,,,Block 2 (LOWER DILUTION),,,,,,,,,,,,,,,,,Block 10 (LOWER DILUTION),,
µM PRINTED POLYMER,GLYCAN,DP,LIGATION EFF,VALENCY, GLYCAN SPACING ON POLYMER,Polymer labeling eff,Polymer Signal ,Polymer per spot ,Glycan per spot,Spot diameter ,Spot area,POLYMER SPACING ,GLYCAN DENSITY,MEAN VIRAL FLUORESCENCE,,,µM PRINTED POLYMER,GLYCAN,DP,LIGATION EFF,VALENCY, GLYCAN SPACING ON POLYMER,Polymer labeling eff,Polymer Signal ,Polymer per spot ,Glycan per spot,Spot diameter ,Spot area,POLYMER SPACING ,GLYCAN DENSITY,MEAN VIRAL FLUORESCENCE
1,α2-6 SiaLac,150,0.29,44,0.29,0.063,337,5349,232690,150,17662.5,0.303,13.174,513,,,1,α2-6 SiaLac,150,0.29,44,0.29,0.063,443,7032,305881,140,15386,0.457,19.880,593
,,,,,,,377,5984,260310,145,16504.625,0.363,15.772,531,,,,,,,,,,459,7286,316929,140,15386,0.474,20.599,444
,,,,,,,379,6016,261690,145,16504.625,0.364,15.856,557,,,,,,,,,,469,7444,323833,140,15386,0.484,21.047,454
,,,,,,,389,6175,268595,145,16504.625,0.374,16.274,456,,,,,,,,,,462,7333,319000,145,16504.625,0.444,19.328,477
,,,,,,,388,6159,267905,145,16504.625,0.373,16.232,563,,,,,,,,,,478,7587,330048,140,15386,0.493,21.451,443
,,,,,,,411,6524,283786,145,16504.625,0.395,17.194,613,,,,,,,,,,529,8397,365262,140,15386,0.546,23.740,461
,,,0.40,60,0.40,0.063,288,4571,448000,140,15386,0.297,29.117,570,,,,,,0.40,60,0.40,0.063,357,5667,555333,135,14306.625,0.396,38.817,725
,,,,,,,292,4635,454222,140,15386,0.301,29.522,461,,,,,,,,,,368,5841,572444,135,14306.625,0.408,40.013,576
,,,,,,,330,5238,513333,130,13266.5,0.395,38.694,524,,,,,,,,,,376,5968,584889,130,13266.5,0.450,44.088,634
,,,,,,,358,5683,556889,130,13266.5,0.428,41.977,423,,,,,,,,,,391,6206,608222,130,13266.5,0.468,45.846,681
,,,,,,,366,5810,569333,130,13266.5,0.438,42.915,478,,,,,,,,,,387,6143,602000,135,14306.625,0.429,42.078,662
,,,,,,,395,6270,614444,130,13266.5,0.473,46.315,446,,,,,,,,,,388,6159,603556,135,14306.625,0.430,42.187,512
,,200,0.39,78,0.39,0.275,1591,5785,251667,145,16504.625,0.351,15.248,911,,,,,200,0.39,78,0.39,0.275,2022,7353,319844,140,15386,0.478,20.788,1095
,,,,,,,1609,5851,254515,145,16504.625,0.355,15.421,871,,,,,,,,,,2063,7502,326329,140,15386,0.488,21.209,949
,,,,,,,1738,6320,274920,140,15386,0.411,17.868,667,,,,,,,,,,2040,7418,322691,135,14306.625,0.519,22.555,977
,,,,,,,1809,6578,286151,140,15386,0.428,18.598,687,,,,,,,,,,2209,8033,349424,135,14306.625,0.561,24.424,953
,,,,,,,1840,6691,291055,145,16504.625,0.405,17.635,647,,,,,,,,,,2207,8025,349107,135,14306.625,0.561,24.402,1011
,,,,,,,1945,7073,307664,145,16504.625,0.429,18.641,656,,,,,,,,,,2607,9480,412380,135,14306.625,0.663,28.824,901
,,,0.49,98,0.49,0.275,1540,5600,548800,140,15386,0.364,35.669,865,,,,,,0.49,98,0.49,0.275,2002,7280,713440,135,14306.625,0.509,49.868,886
,,,,,,,1580,5745,563055,140,15386,0.373,36.595,1111,,,,,,,,,,2025,7364,721636,135,14306.625,0.515,50.441,940
,,,,,,,1638,5956,583724,140,15386,0.387,37.939,621,,,,,,,,,,2001,7276,713084,140,15386,0.473,46.346,981
,,,,,,,1876,6822,668538,135,14306.625,0.477,46.729,797,,,,,,,,,,2131,7749,759411,135,14306.625,0.542,53.081,1034
,,,,,,,1904,6924,678516,135,14306.625,0.484,47.427,751,,,,,,,,,,2186,7949,779011,135,14306.625,0.556,54.451,931
,,,,,,,1884,6851,671389,135,14306.625,0.479,46.929,1030,,,,,,,,,,2281,8295,812865,135,14306.625,0.580,56.817,945
,,300,0.35,105,0.35,0.093,537,5780,254338,140,15386,0.376,16.530,915,,,,,300,0.35,105,0.35,0.093,709,7632,335802,130,13266.5,0.575,25.312,834
,,,,,,,537,5780,254338,140,15386,0.376,16.530,789,,,,,,,,,,732,7879,346695,130,13266.5,0.594,26.133,998
,,,,,,,547,5888,259074,140,15386,0.383,16.838,682,,,,,,,,,,770,8288,364693,135,14306.625,0.579,25.491,842
,,,,,,,610,6566,288913,135,14306.625,0.459,20.194,783,,,,,,,,,,773,8321,366114,130,13266.5,0.627,27.597,799
,,,,,,,609,6555,288439,135,14306.625,0.458,20.161,720,,,,,,,,,,770,8288,364693,135,14306.625,0.579,25.491,837
,,,,,,,638,6868,302174,135,14306.625,0.480,21.121,652,,,,,,,,,,815,8773,386006,135,14306.625,0.613,26.981,807
,,,0.47,141,0.47,0.093,430,4629,453606,140,15386,0.301,29.482,668,,,,,,0.47,141,0.47,0.093,523,5630,551712,140,15386,0.366,35.858,692
,,,,,,,448,4822,472594,140,15386,0.313,30.716,637,,,,,,,,,,548,5899,578084,140,15386,0.383,37.572,587
,,,,,,,440,4736,464155,145,16504.625,0.287,28.123,526,,,,,,,,,,530,5705,559096,145,16504.625,0.346,33.875,650
,,,,,,,488,5253,514790,140,15386,0.341,33.458,273,,,,,,,,,,532,5727,561206,140,15386,0.372,36.475,380
,,,,,,,516,5554,544327,140,15386,0.361,35.378,670,,,,,,,,,,581,6254,612896,140,15386,0.406,39.835,617
,,,,,,,527,5673,555931,140,15386,0.369,36.132,569,,,,,,,,,,593,6383,625554,140,15386,0.415,40.657,649
5,α2-6 SiaLac,150,0.29,44,0.29,0.063,1869,29667,1780000,145,16504.625,1.797,107.849,713,,,5,α2-6 SiaLac,150,0.29,44,0.29,0.063,2012,31937,1916190,145,16504.625,1.935,116.100,589
,,,,,,,1814,28794,1727619,145,16504.625,1.745,104.675,590,,,,,,,,,,1994,31651,1899048,145,16504.625,1.918,115.062,650
,,,,,,,1744,27683,1660952,145,16504.625,1.677,100.636,632,,,,,,,,,,2019,32048,1922857,145,16504.625,1.942,116.504,580
,,,,,,,1780,28254,1695238,145,16504.625,1.712,102.713,678,,,,,,,,,,2114,33556,2013333,145,16504.625,2.033,121.986,634
,,,,,,,1370,21746,1304762,250,49062.5,0.443,26.594,405,,,,,,,,,,2130,33810,2028571,145,16504.625,2.048,122.909,660
,,,,,,,1467,23286,1397143,205,32989.625,0.706,42.351,311,,,,,,,,,,2335,37063,2223810,145,16504.625,2.246,134.739,670
,,,0.40,60,0.40,0.063,1192,18921,1986667,135,14306.625,1.323,138.863,589,,,,,,0.40,60,0.40,0.063,1461,23190,2435000,135,14306.625,1.621,170.201,589
,,,,,,,1180,18730,1966667,135,14306.625,1.309,137.465,465,,,,,,,,,,1480,23492,2466667,135,14306.625,1.642,172.414,677
,,,,,,,1146,18190,1910000,135,14306.625,1.271,133.505,552,,,,,,,,,,1520,24127,2533333,130,13266.5,1.819,190.957,651
,,,,,,,1180,18730,1966667,135,14306.625,1.309,137.465,753,,,,,,,,,,1743,27667,2905000,125,12265.625,2.256,236.841,723
,,,,,,,1110,17619,1850000,135,14306.625,1.232,129.311,612,,,,,,,,,,1647,26143,2745000,130,13266.5,1.971,206.912,647
,,,,,,,1110,17619,1850000,140,15386,1.145,120.239,487,,,,,,,,,,1511,23984,2518333,135,14306.625,1.676,176.026,682
,,200,0.39,78,0.39,0.275,8209,29851,1791055,140,15386,1.940,116.408,624,,,,,200,0.39,78,0.39,0.275,9074,32996,1979782,140,15386,2.145,128.674,869
,,,,,,,8108,29484,1769018,145,16504.625,1.786,107.183,640,,,,,,,,,,9077,33007,1980436,140,15386,2.145,128.717,830
,,,,,,,8229,29924,1795418,140,15386,1.945,116.692,648,,,,,,,,,,9165,33327,1999636,140,15386,2.166,129.965,703
,,,,,,,8438,30684,1841018,140,15386,1.994,119.655,664,,,,,,,,,,9527,34644,2078618,135,14306.625,2.422,145.291,678
,,,,,,,8269,30069,1804145,140,15386,1.954,117.259,644,,,,,,,,,,9743,35429,2125745,140,15386,2.303,138.161,760
,,,,,,,8739,31778,1906691,140,15386,2.065,123.924,583,,,,,,,,,,10982,39935,2396073,140,15386,2.596,155.731,712
,,,0.49,98,0.49,0.275,7404,26924,2826982,140,15386,1.750,183.737,571,,,,,,0.49,98,0.49,0.275,8402,30553,3208036,135,14306.625,2.136,224.234,734
,,,,,,,7307,26571,2789945,140,15386,1.727,181.330,556,,,,,,,,,,8948,32538,3416509,135,14306.625,2.274,238.806,732
,,,,,,,7332,26662,2799491,140,15386,1.733,181.951,647,,,,,,,,,,8714,31687,3327164,135,14306.625,2.215,232.561,675
,,,,,,,7480,27200,2856000,140,15386,1.768,185.623,665,,,,,,,,,,8871,32258,3387109,140,15386,2.097,220.142,645
,,,,,,,7626,27731,2911745,140,15386,1.802,189.246,595,,,,,,,,,,9468,34429,3615055,135,14306.625,2.407,252.684,687
,,,,,,,4183,15211,1597145,205,32989.625,0.461,48.414,340,,,,,,,,,,9574,34815,3655527,135,14306.625,2.433,255.513,674
,,300,0.35,105,0.35,0.093,3013,32433,1945963,140,15386,2.108,126.476,307,,,,,300,0.35,105,0.35,0.093,3387,36459,2187513,135,14306.625,2.548,152.902,336
,,,,,,,3041,32734,1964047,135,14306.625,2.288,137.282,296,,,,,,,,,,3479,37449,2246932,135,14306.625,2.618,157.055,318
,,,,,,,3083,33186,1991173,140,15386,2.157,129.415,297,,,,,,,,,,3471,37363,2241765,135,14306.625,2.612,156.694,330
,,,,,,,3052,32853,1971152,135,14306.625,2.296,137.779,300,,,,,,,,,,3520,37890,2273412,135,14306.625,2.648,158.906,290
,,,,,,,3057,32906,1974381,140,15386,2.139,128.323,249,,,,,,,,,,3621,38977,2338644,135,14306.625,2.724,163.466,341
,,,,,,,2913,31356,1881378,145,16504.625,1.900,113.991,-7,,,,,,,,,,3911,42099,2525942,135,14306.625,2.943,176.557,322
,,,0.47,141,0.47,0.093,2804,30183,3169214,135,14306.625,2.110,221.521,232,,,,,,0.47,141,0.47,0.093,3099,33358,3502637,135,14306.625,2.332,244.826,301
,,,,,,,2789,30022,3152260,140,15386,1.951,204.878,206,,,,,,,,,,3150,33907,3560280,135,14306.625,2.370,248.855,290
,,,,,,,2780,29925,3142088,135,14306.625,2.092,219.625,222,,,,,,,,,,3134,33735,3542196,135,14306.625,2.358,247.591,301
,,,,,,,2721,29290,3075404,140,15386,1.904,199.883,239,,,,,,,,,,3182,34252,3596448,135,14306.625,2.394,251.383,277
,,,,,,,2630,28310,2972551,140,15386,1.840,193.198,150,,,,,,,,,,3307,35597,3737729,135,14306.625,2.488,261.259,322
,,,,,,,2479,26685,2801884,135,14306.625,1.865,195.845,-120,,,,,,,,,,3512,37804,3969429,135,14306.625,2.642,277.454,272
10,α2-6 SiaLac,150,0.29,44,0.29,0.063,3119,49508,3861619,140,15386,3.218,250.983,423,,,10,α2-6 SiaLac,150,0.29,44,0.29,0.063,3702,58762,4583429,140,15386,3.819,297.896,656
,,,,,,,3103,49254,3841810,140,15386,3.201,249.695,417,,,,,,,,,,3720,59048,4605714,140,15386,3.838,299.344,638
,,,,,,,3056,48508,3783619,145,16504.625,2.939,229.246,506,,,,,,,,,,3701,58746,4582190,140,15386,3.818,297.816,562
,,,,,,,3149,49984,3898762,140,15386,3.249,253.397,570,,,,,,,,,,3606,57238,4464571,140,15386,3.720,290.171,436
,,,,,,,3214,51016,3979238,140,15386,3.316,258.627,707,,,,,,,,,,3867,61381,4787714,140,15386,3.989,311.173,319
,,,,,,,3276,52000,4056000,140,15386,3.380,263.616,489,,,,,,,,,,3907,62016,4837238,140,15386,4.031,314.392,311
,,,0.40,60,0.40,0.063,1090,17302,2439524,165,21371.625,0.810,114.148,429,,,,,,0.40,60,0.40,0.063,2190,34762,4901429,135,14306.625,2.430,342.599,637
,,,,,,,1352,21460,3025905,155,18859.625,1.138,160.444,485,,,,,,,,,,2278,36159,5098381,135,14306.625,2.527,356.365,607
,,,,,,,794,12603,1777048,240,45216,0.279,39.301,420,,,,,,,,,,2306,36603,5161048,135,14306.625,2.558,360.745,695
,,,,,,,1416,22476,3169143,135,14306.625,1.571,221.516,355,,,,,,,,,,2345,37222,5248333,135,14306.625,2.602,366.846,644
,,,,,,,1574,24984,3522762,135,14306.625,1.746,246.233,591,,,,,,,,,,2422,38444,5420667,135,14306.625,2.687,378.892,347
,,,,,,,1512,24000,3384000,140,15386,1.560,219.940,568,,,,,,,,,,2636,41841,5899619,135,14306.625,2.925,412.370,340
,,200,0.39,78,0.39,0.275,15518,56429,4401469,140,15386,3.668,286.070,350,,,,,200,0.39,78,0.39,0.275,18427,67007,5226567,140,15386,4.355,339.696,616
,,,,,,,15576,56640,4417920,140,15386,3.681,287.139,495,,,,,,,,,,18553,67465,5262305,140,15386,4.385,342.019,582
,,,,,,,15880,57745,4504145,140,15386,3.753,292.743,617,,,,,,,,,,18599,67633,5275353,140,15386,4.396,342.867,564
,,,,,,,15987,58135,4534495,145,16504.625,3.522,274.741,471,,,,,,,,,,19441,70695,5514175,140,15386,4.595,358.389,561
,,,,,,,12457,45298,3533258,115,10381.625,4.363,340.338,593,,,,,,,,,,19653,71465,5574305,140,15386,4.645,362.297,391
,,,,,,,14905,54200,4227600,155,18859.625,2.874,224.161,1172,,,,,,,,,,22344,81251,6337571,140,15386,5.281,411.905,406
,,,0.49,98,0.49,0.275,11321,41167,5804585,140,15386,2.676,377.264,266,,,,,,0.49,98,0.49,0.275,16388,59593,8402575,140,15386,3.873,546.118,417
,,,,,,,11505,41836,5898927,140,15386,2.719,383.396,374,,,,,,,,,,16882,61389,8655862,135,14306.625,4.291,605.025,368
,,,,,,,11514,41869,5903542,135,14306.625,2.927,412.644,421,,,,,,,,,,17424,63360,8933760,135,14306.625,4.429,624.449,360
,,,,,,,11525,41909,5909182,140,15386,2.724,384.062,460,,,,,,,,,,18047,65625,9253189,135,14306.625,4.587,646.777,452
,,,,,,,11794,42887,6047105,140,15386,2.787,393.026,665,,,,,,,,,,18231,66295,9347531,135,14306.625,4.634,653.371,296
,,,,,,,12038,43775,6172211,135,14306.625,3.060,431.423,431,,,,,,,,,,18587,67589,9530062,130,13266.5,5.095,718.355,280
,,300,0.35,105,0.35,0.093,6522,70205,5475953,140,15386,4.563,355.905,67,,,,,300,0.35,105,0.35,0.093,7250,78041,6087191,135,14306.625,5.455,425.481,178
,,,,,,,6473,69677,5434812,140,15386,4.529,353.231,165,,,,,,,,,,7333,78934,6156878,135,14306.625,5.517,430.352,192
,,,,,,,6411,69010,5382756,140,15386,4.485,349.848,210,,,,,,,,,,7285,78418,6116577,135,14306.625,5.481,427.535,221
,,,,,,,6574,70764,5519612,145,16504.625,4.288,334.428,128,,,,,,,,,,7353,79150,6173671,135,14306.625,5.532,431.525,261
,,,,,,,6719,72325,5641356,135,14306.625,5.055,394.318,-277,,,,,,,,,,7462,80323,6265188,135,14306.625,5.614,437.922,-366
,,,,,,,6890,74166,5784930,140,15386,4.820,375.987,171,,,,,,,,,,7809,84058,6556534,135,14306.625,5.875,458.287,94
,,,0.47,141,0.47,0.093,4205,45264,6382185,170,22686.5,1.995,281.321,-15,,,,,,0.47,141,0.47,0.093,6964,74962,10569688,140,15386,4.872,686.968,101
,,,,,,,5640,60710,8560172,140,15386,3.946,556.361,76,,,,,,,,,,7112,76555,10794316,140,15386,4.976,701.567,193
,,,,,,,5714,61507,8672487,145,16504.625,3.727,525.458,75,,,,,,,,,,7102,76448,10779139,140,15386,4.969,700.581,183
,,,,,,,5777,62185,8768105,140,15386,4.042,569.876,193,,,,,,,,,,7086,76276,10754855,140,15386,4.957,699.003,224
,,,,,,,5939,63929,9013983,140,15386,4.155,585.856,105,,,,,,,,,,7175,77234,10889935,140,15386,5.020,707.782,133
,,,,,,,6161,66319,9350926,140,15386,4.310,607.755,194,,,,,,,,,,7486,80581,11361959,140,15386,5.237,738.461,54
1,α2-3 SiaLac,150,0.34,51,0.34,0.063,338,5365,273619,140,15386,0.349,17.784,1688,,,1,α2-3 SiaLac,150,0.34,51,0.34,0.063,421,6683,340810,140,15386,0.434,22.151,1586
,,,,,,,342,5429,276857,140,15386,0.353,17.994,1551,,,,,,,,,,421,6683,340810,140,15386,0.434,22.151,1750
,,,,,,,351,5571,284143,140,15386,0.362,18.468,1579,,,,,,,,,,433,6873,350524,135,14306.625,0.480,24.501,11105
,,,,,,,452,7175,365905,130,13266.5,0.541,27.581,1500,,,,,,,,,,436,6921,352952,135,14306.625,0.484,24.671,1593
,,,,,,,471,7476,381286,130,13266.5,0.564,28.740,1452,,,,,,,,,,435,6905,352143,140,15386,0.449,22.887,2046
,,,,,,,527,8365,426619,135,14306.625,0.585,29.820,1401,,,,,,,,,,587,9317,475190,135,14306.625,0.651,33.215,1987
,,,0.58,87,0.58,0.063,245,3889,404444,140,15386,0.253,26.287,1553,,,,,,0.58,87,0.58,0.063,374,5937,617397,125,12265.625,0.484,50.336,1883
,,,,,,,253,4016,417651,140,15386,0.261,27.145,1739,,,,,,,,,,394,6254,650413,125,12265.625,0.510,53.027,1748
,,,,,,,254,4032,419302,140,15386,0.262,27.252,1678,,,,,,,,,,366,5810,604190,130,13266.5,0.438,45.543,1841
,,,,,,,288,4571,475429,135,14306.625,0.320,33.231,1645,,,,,,,,,,388,6159,640508,130,13266.5,0.464,48.280,2072
,,,,,,,289,4587,477079,140,15386,0.298,31.007,1649,,,,,,,,,,476,7556,785778,125,12265.625,0.616,64.063,1835
,,,,,,,301,4778,496889,135,14306.625,0.334,34.731,1558,,,,,,,,,,450,7143,742857,120,11304,0.632,65.716,1867
,,200,0.37,74,0.37,0.275,1996,7258,370167,140,15386,0.472,24.059,1822,,,,,200,0.37,74,0.37,0.275,2403,8738,445647,135,14306.625,0.611,31.150,2084
,,,,,,,1989,7233,368869,140,15386,0.470,23.974,1867,,,,,,,,,,2431,8840,450840,135,14306.625,0.618,31.513,1721
,,,,,,,2007,7298,372207,140,15386,0.474,24.191,1947,,,,,,,,,,2421,8804,448985,140,15386,0.572,29.181,1959
,,,,,,,2215,8055,410782,135,14306.625,0.563,28.713,1997,,,,,,,,,,2494,9069,462524,140,15386,0.589,30.061,2063
,,,,,,,2187,7953,405589,140,15386,0.517,26.361,1963,,,,,,,,,,2513,9138,466047,135,14306.625,0.639,32.576,2018
,,,,,,,2598,9447,481811,140,15386,0.614,31.315,2006,,,,,,,,,,2818,10247,522611,135,14306.625,0.716,36.529,1863
,,,0.52,104,0.52,0.275,1628,5920,615680,140,15386,0.385,40.016,1813,,,,,,0.52,104,0.52,0.275,2102,7644,794938,140,15386,0.497,51.666,1816
,,,,,,,1691,6149,639505,135,14306.625,0.430,44.700,1655,,,,,,,,,,2117,7698,800611,135,14306.625,0.538,55.961,1863
,,,,,,,1682,6116,636102,140,15386,0.398,41.343,1789,,,,,,,,,,2098,7629,793425,140,15386,0.496,51.568,1918
,,,,,,,1856,6749,701905,135,14306.625,0.472,49.062,1821,,,,,,,,,,2276,8276,860742,135,14306.625,0.578,60.164,2003
,,,,,,,1903,6920,719680,135,14306.625,0.484,50.304,1892,,,,,,,,,,2230,8109,843345,135,14306.625,0.567,58.948,2022
,,,,,,,1994,7251,754095,140,15386,0.471,49.012,1772,,,,,,,,,,2363,8593,893644,135,14306.625,0.601,62.464,1960
,,300,0.36,108,0.36,0.093,640,6889,351346,140,15386,0.448,22.835,1669,,,,,300,0.36,108,0.36,0.093,687,7395,377147,140,15386,0.481,24.512,1846
,,,,,,,652,7018,357933,140,15386,0.456,23.264,1614,,,,,,,,,,687,7395,377147,140,15386,0.481,24.512,1702
,,,,,,,651,7008,357384,140,15386,0.455,23.228,1495,,,,,,,,,,700,7535,384284,135,14306.625,0.527,26.861,1640
,,,,,,,654,7040,359031,145,16504.625,0.427,21.753,1569,,,,,,,,,,708,7621,388676,140,15386,0.495,25.262,1682
,,,,,,,662,7126,363423,145,16504.625,0.432,22.019,1601,,,,,,,,,,710,7643,389774,135,14306.625,0.534,27.244,1812
,,,,,,,680,7320,373305,140,15386,0.476,24.263,1613,,,,,,,,,,726,7815,398558,135,14306.625,0.546,27.858,2520
,,,0.46,138,0.46,0.093,762,8202,853046,140,15386,0.533,55.443,1365,,,,,,0.46,138,0.46,0.093,846,9107,947083,140,15386,0.592,61.555,1521
,,,,,,,765,8235,856405,140,15386,0.535,55.661,1351,,,,,,,,,,882,9494,987384,140,15386,0.617,64.174,1821
,,,,,,,779,8385,872078,135,14306.625,0.586,60.956,1424,,,,,,,,,,894,9623,1000818,140,15386,0.625,65.047,1536
,,,,,,,792,8525,886631,135,14306.625,0.596,61.973,1401,,,,,,,,,,932,10032,1043358,135,14306.625,0.701,72.928,1828
,,,,,,,818,8805,915737,140,15386,0.572,59.518,1355,,,,,,,,,,956,10291,1070226,140,15386,0.669,69.558,1687
,,,,,,,832,8956,931410,140,15386,0.582,60.536,1544,,,,,,,,,,964,10377,1079182,135,14306.625,0.725,75.432,1835
5,α2-3 SiaLac,150,0.34,51,0.34,0.063,1884,29905,2601714,140,15386,1.944,169.096,1534,,,5,α2-3 SiaLac,150,0.34,51,0.34,0.063,2211,35095,3053286,135,14306.625,2.453,213.418,1801
,,,,,,,1892,30032,2612762,145,16504.625,1.820,158.305,1624,,,,,,,,,,2229,35381,3078143,140,15386,2.300,200.061,1896
,,,,,,,1854,29429,2560286,140,15386,1.913,166.404,1654,,,,,,,,,,2204,34984,3043619,140,15386,2.274,197.817,1826
,,,,,,,1864,29587,2574095,145,16504.625,1.793,155.962,1714,,,,,,,,,,2253,35762,3111286,135,14306.625,2.500,217.472,1766
,,,,,,,1884,29905,2601714,140,15386,1.944,169.096,1540,,,,,,,,,,2319,36810,3202429,140,15386,2.392,208.139,1817
,,,,,,,2168,34413,2993905,140,15386,2.237,194.586,621,,,,,,,,,,2890,45873,3990952,135,14306.625,3.206,278.958,1786
,,,0.58,87,0.58,0.063,1299,20619,2226857,140,15386,1.340,144.733,1620,,,,,,0.58,87,0.58,0.063,1457,23127,2497714,140,15386,1.503,162.337,1985
,,,,,,,1334,21175,2286857,135,14306.625,1.480,159.846,1558,,,,,,,,,,1509,23952,2586857,135,14306.625,1.674,180.815,1997
,,,,,,,1294,20540,2218286,135,14306.625,1.436,155.053,1583,,,,,,,,,,1504,23873,2578286,135,14306.625,1.669,180.216,1846
,,,,,,,1282,20349,2197714,140,15386,1.323,142.839,1675,,,,,,,,,,1579,25063,2706857,135,14306.625,1.752,189.203,1836
,,,,,,,1343,21317,2302286,135,14306.625,1.490,160.924,1618,,,,,,,,,,1611,25571,2761714,135,14306.625,1.787,193.037,1986
,,,,,,,1261,20016,2161714,140,15386,1.301,140.499,464,,,,,,,,,,1589,25222,2724000,135,14306.625,1.763,190.401,2013
,,200,0.37,74,0.37,0.275,9329,33924,2951356,135,14306.625,2.371,206.293,1631,,,,,200,0.37,74,0.37,0.275,9990,36327,3160473,140,15386,2.361,205.412,1730
,,,,,,,9452,34371,2990269,135,14306.625,2.402,209.013,1619,,,,,,,,,,10445,37982,3304418,140,15386,2.469,214.768,1601
,,,,,,,9004,32742,2848538,140,15386,2.128,185.138,1789,,,,,,,,,,10139,36869,3207611,140,15386,2.396,208.476,1750
,,,,,,,9340,33964,2954836,135,14306.625,2.374,206.536,1549,,,,,,,,,,10332,37571,3268669,140,15386,2.442,212.444,1719
,,,,,,,8752,31825,2768815,140,15386,2.068,179.957,1270,,,,,,,,,,10883,39575,3442985,135,14306.625,2.766,240.657,1761
,,,,,,,10440,37964,3302836,135,14306.625,2.654,230.861,631,,,,,,,,,,12307,44753,3893487,140,15386,2.909,253.054,1645
,,,0.52,104,0.52,0.275,7563,27502,2970196,135,14306.625,1.922,207.610,1439,,,,,,0.52,104,0.52,0.275,9066,32967,3560465,135,14306.625,2.304,248.868,1489
,,,,,,,7714,28051,3029498,140,15386,1.823,196.900,1219,,,,,,,,,,8359,30396,3282807,135,14306.625,2.125,229.461,1622
,,,,,,,7245,26345,2845309,140,15386,1.712,184.928,1346,,,,,,,,,,8532,31025,3350749,135,14306.625,2.169,234.210,1533
,,,,,,,7326,26640,2877120,135,14306.625,1.862,201.104,1349,,,,,,,,,,8764,31869,3441862,135,14306.625,2.228,240.578,1478
,,,,,,,3297,11989,1294822,275,59365.625,0.202,21.811,941,,,,,,,,,,9024,32815,3543971,135,14306.625,2.294,247.715,1630
,,,,,,,7136,25949,2802502,135,14306.625,1.814,195.888,864,,,,,,,,,,9665,35145,3795709,135,14306.625,2.457,265.311,1498
,,300,0.36,108,0.36,0.093,3381,36394,3166276,145,16504.625,2.205,191.842,1124,,,,,300,0.36,108,0.36,0.093,3552,38235,3326416,150,17662.5,2.165,188.332,1238
,,,,,,,3492,37589,3270226,140,15386,2.443,212.546,963,,,,,,,,,,3580,38536,3352637,145,16504.625,2.335,203.133,1301
,,,,,,,3439,37018,3220592,145,16504.625,2.243,195.133,1040,,,,,,,,,,3701,39839,3465953,145,16504.625,2.414,209.999,1196
,,,,,,,3488,37546,3266480,140,15386,2.440,212.302,970,,,,,,,,,,3638,39160,3406954,145,16504.625,2.373,206.424,1212
,,,,,,,2272,24456,2127707,115,10381.625,2.356,204.949,836,,,,,,,,,,3705,39882,3469699,145,16504.625,2.416,210.226,1264
,,,,,,,3469,37341,3248687,145,16504.625,2.262,196.835,1101,,,,,,,,,,3854,41485,3609236,150,17662.5,2.349,204.345,1182
,,,0.46,138,0.46,0.093,2671,28751,3105145,125,12265.625,2.344,253.158,1147,,,,,,0.46,138,0.46,0.093,3004,32336,3492271,130,13266.5,2.437,263.240,1269
,,,,,,,2568,27643,2985404,130,13266.5,2.084,225.033,1123,,,,,,,,,,3202,34467,3722454,130,13266.5,2.598,280.591,1347
,,,,,,,2380,25619,2766846,130,13266.5,1.931,208.559,1085,,,,,,,,,,3210,34553,3731755,130,13266.5,2.605,281.292,1239
,,,,,,,943,10151,1096276,300,70650,0.144,15.517,652,,,,,,,,,,3310,35630,3848009,130,13266.5,2.686,290.055,1175
,,,,,,,2018,21722,2346006,125,12265.625,1.771,191.267,994,,,,,,,,,,3569,38418,4149107,130,13266.5,2.896,312.751,1154
,,,,,,,2016,21701,2343681,130,13266.5,1.636,176.662,1064,,,,,,,,,,3663,39429,4258385,130,13266.5,2.972,320.988,1183
10,α2-3 SiaLac,150,0.34,51,0.34,0.063,3503,55603,4114635,140,15386,3.614,267.427,671,,,10,α2-3 SiaLac,150,0.34,51,0.34,0.063,4139,65698,4861683,135,14306.625,4.592,339.820,2137
,,,,,,,3553,56397,4173365,140,15386,3.665,271.244,1012,,,,,,,,,,4301,68270,5051968,140,15386,4.437,328.348,1472
,,,,,,,3599,57127,4227397,140,15386,3.713,274.756,1225,,,,,,,,,,4238,67270,4977968,140,15386,4.372,323.539,1314
,,,,,,,3599,57127,4227397,140,15386,3.713,274.756,1130,,,,,,,,,,4228,67111,4966222,140,15386,4.362,322.775,1265
,,,,,,,3564,56571,4186286,140,15386,3.677,272.084,1478,,,,,,,,,,4477,71063,5258698,135,14306.625,4.967,367.571,1307
,,,,,,,3779,59984,4438825,140,15386,3.899,288.498,1416,,,,,,,,,,4961,78746,5827206,145,16504.625,4.771,353.065,1251
,,,0.58,87,0.58,0.063,1812,28762,3969143,135,14306.625,2.010,277.434,465,,,,,,0.58,87,0.58,0.063,2922,46381,6400571,135,14306.625,3.242,447.385,1664
,,,,,,,1919,30460,4203524,140,15386,1.980,273.204,600,,,,,,,,,,2889,45857,6328286,135,14306.625,3.205,442.333,1380
,,,,,,,1181,18746,2586952,215,36286.625,0.517,71.292,603,,,,,,,,,,2936,46603,6431238,135,14306.625,3.257,449.529,1281
,,,,,,,696,11048,1524571,260,53066,0.208,28.730,908,,,,,,,,,,3129,49667,6854000,135,14306.625,3.472,479.079,1285
,,,,,,,1712,27175,3750095,135,14306.625,1.899,262.123,1427,,,,,,,,,,3146,49937,6891238,135,14306.625,3.490,481.682,1374
,,,,,,,1810,28730,3964762,140,15386,1.867,257.686,1239,,,,,,,,,,3497,55508,7660095,135,14306.625,3.880,535.423,1325
,,200,0.37,74,0.37,0.275,16935,61582,4557055,135,14306.625,4.304,318.528,493,,,,,200,0.37,74,0.37,0.275,19211,69858,5169505,135,14306.625,4.883,361.336,1085
,,,,,,,16987,61771,4571047,135,14306.625,4.318,319.506,494,,,,,,,,,,19531,71022,5255615,140,15386,4.616,341.584,1011
,,,,,,,15585,56673,4193782,145,16504.625,3.434,254.097,480,,,,,,,,,,19428,70647,5227898,140,15386,4.592,339.783,1113
,,,,,,,17337,63044,4665229,135,14306.625,4.407,326.089,800,,,,,,,,,,19776,71913,5321542,140,15386,4.674,345.869,1105
,,,,,,,17583,63938,4731425,135,14306.625,4.469,330.716,990,,,,,,,,,,20237,73589,5445593,135,14306.625,5.144,380.634,923
,,,,,,,17917,65153,4821302,140,15386,4.235,313.356,770,,,,,,,,,,14586,53040,3924960,170,22686.5,2.338,173.009,897
,,,0.52,104,0.52,0.275,13251,48185,6649593,145,16504.625,2.920,402.893,650,,,,,,0.52,104,0.52,0.275,17836,64858,8950429,145,16504.625,3.930,542.298,1014
,,,,,,,13114,47687,6580844,145,16504.625,2.889,398.727,766,,,,,,,,,,17594,63978,8828989,145,16504.625,3.876,534.940,1016
,,,,,,,12937,47044,6492022,150,17662.5,2.663,367.560,635,,,,,,,,,,17035,61945,8548473,150,17662.5,3.507,483.990,1026
,,,,,,,13491,49058,6770029,145,16504.625,2.972,410.190,796,,,,,,,,,,17365,63145,8714073,145,16504.625,3.826,527.978,1024
,,,,,,,13721,49895,6885447,145,16504.625,3.023,417.183,1002,,,,,,,,,,18081,65749,9073375,145,16504.625,3.984,549.747,947
,,,,,,,13511,49131,6780065,150,17662.5,2.782,383.868,685,,,,,,,,,,18316,66604,9191302,150,17662.5,3.771,520.385,948
,,300,0.36,108,0.36,0.093,6593,70969,5251690,150,17662.5,4.018,297.336,767,,,,,300,0.36,108,0.36,0.093,7861,84618,6261722,145,16504.625,5.127,379.392,863
,,,,,,,6524,70226,5196728,150,17662.5,3.976,294.224,991,,,,,,,,,,7617,81991,6067363,150,17662.5,4.642,343.517,948
,,,,,,,6455,69483,5141765,155,18859.625,3.684,272.633,736,,,,,,,,,,7566,81442,6026738,150,17662.5,4.611,341.217,827
,,,,,,,6698,72099,5335328,150,17662.5,4.082,302.071,498,,,,,,,,,,7621,82034,6070549,150,17662.5,4.645,343.697,791
,,,,,,,6630,71367,5281163,155,18859.625,3.784,280.025,710,,,,,,,,,,7767,83606,6186846,150,17662.5,4.734,350.281,699
,,,,,,,6728,72422,5359225,150,17662.5,4.100,303.424,506,,,,,,,,,,7953,85608,6335005,150,17662.5,4.847,358.670,638
,,,0.46,138,0.46,0.093,3583,38568,5322433,160,20096,1.919,264.850,1065,,,,,,0.46,138,0.46,0.093,6957,74887,10334403,135,14306.625,5.234,722.351,918
,,,,,,,3893,41905,5782928,155,18859.625,2.222,306.630,686,,,,,,,,,,6978,75113,10365597,135,14306.625,5.250,724.531,795
,,,,,,,4066,43767,6039914,155,18859.625,2.321,320.256,885,,,,,,,,,,7016,75522,10422045,140,15386,4.908,677.372,836
,,,,,,,4110,44241,6105274,150,17662.5,2.505,345.663,804,,,,,,,,,,7129,76738,10589903,135,14306.625,5.364,740.210,793
,,,,,,,3270,35199,4857481,170,22686.5,1.552,214.113,746,,,,,,,,,,7191,77406,10682002,135,14306.625,5.410,746.647,969
,,,,,,,4889,52626,7262454,145,16504.625,3.189,440.025,775,,,,,,,,,,7294,78515,10835005,140,15386,5.103,704.212,676
1,Lac,150,0.51,77,0.51,0.063,387,6143,469929,135,14306.625,0.429,32.847,120,,,1,Lac,150,0.51,77,0.51,0.063,443,7032,537929,130,13266.5,0.530,40.548,132
,,,,,,,385,6111,467500,135,14306.625,0.427,32.677,86,,,,,,,,,,466,7397,565857,130,13266.5,0.558,42.653,152
,,,,,,,398,6317,483286,135,14306.625,0.442,33.781,71,,,,,,,,,,460,7302,558571,130,13266.5,0.550,42.104,113
,,,,,,,406,6444,493000,135,14306.625,0.450,34.460,21,,,,,,,,,,480,7619,582857,130,13266.5,0.574,43.935,119
,,,,,,,411,6524,499071,135,14306.625,0.456,34.884,67,,,,,,,,,,480,7619,582857,125,12265.625,0.621,47.520,135
,,,,,,,412,6540,500286,135,14306.625,0.457,34.969,42,,,,,,,,,,491,7794,596214,135,14306.625,0.545,41.674,110
,,,0.73,110,0.73,0.063,369,5857,773143,135,14306.625,0.409,54.041,43,,,,,,0.73,110,0.73,0.063,423,6714,886286,135,14306.625,0.469,61.949,91
,,,,,,,388,6159,812952,130,13266.5,0.464,61.279,18,,,,,,,,,,428,6794,896762,135,14306.625,0.475,62.682,59
,,,,,,,446,7079,934476,125,12265.625,0.577,76.187,-13,,,,,,,,,,434,6889,909333,135,14306.625,0.482,63.560,53
,,,,,,,476,7556,997333,110,9498.5,0.795,104.999,-46,,,,,,,,,,444,7048,930286,135,14306.625,0.493,65.025,37
,,,,,,,515,8175,1079048,120,11304,0.723,95.457,-33,,,,,,,,,,456,7238,955429,135,14306.625,0.506,66.782,52
,,,,,,,456,7238,955429,130,13266.5,0.546,72.018,-36,,,,,,,,,,478,7587,1001524,135,14306.625,0.530,70.004,48
,,200,0.47,94,0.47,0.275,2674,9724,743858,135,14306.625,0.680,51.994,123,,,,,200,0.47,94,0.47,0.275,3017,10971,839275,135,14306.625,0.767,58.663,172
,,,,,,,2716,9876,755542,135,14306.625,0.690,52.811,146,,,,,,,,,,3161,11495,879333,135,14306.625,0.803,61.463,203
,,,,,,,2714,9869,754985,135,14306.625,0.690,52.772,103,,,,,,,,,,3109,11305,864867,135,14306.625,0.790,60.452,171
,,,,,,,2783,10120,774180,135,14306.625,0.707,54.113,83,,,,,,,,,,3210,11673,892964,135,14306.625,0.816,62.416,159
,,,,,,,2887,10498,803111,135,14306.625,0.734,56.136,87,,,,,,,,,,3217,11698,894911,135,14306.625,0.818,62.552,174
,,,,,,,3290,11964,915218,135,14306.625,0.836,63.972,25,,,,,,,,,,3500,12727,973636,135,14306.625,0.890,68.055,131
,,,0.66,132,0.66,0.275,2076,7549,996480,135,14306.625,0.528,69.652,53,,,,,,0.66,132,0.66,0.275,2326,8458,1116480,135,14306.625,0.591,78.039,95
,,,,,,,2046,7440,982080,135,14306.625,0.520,68.645,112,,,,,,,,,,2466,8967,1183680,135,14306.625,0.627,82.736,133
,,,,,,,2097,7625,1006560,135,14306.625,0.533,70.356,116,,,,,,,,,,2272,8262,1090560,135,14306.625,0.577,76.228,136
,,,,,,,2228,8102,1069440,130,13266.5,0.611,80.612,108,,,,,,,,,,2374,8633,1139520,135,14306.625,0.603,79.650,89
,,,,,,,2274,8269,1091520,130,13266.5,0.623,82.276,74,,,,,,,,,,2488,9047,1194240,135,14306.625,0.632,83.475,107
,,,,,,,2258,8211,1083840,130,13266.5,0.619,81.698,61,,,,,,,,,,2472,8989,1186560,135,14306.625,0.628,82.938,116
,,300,0.28,84,0.28,0.093,974,10484,802056,135,14306.625,0.733,56.062,-29,,,,,300,0.28,84,0.28,0.093,1012,10893,833348,140,15386,0.708,54.163,0
,,,,,,,972,10463,800409,140,15386,0.680,52.022,82,,,,,,,,,,1035,11141,852287,135,14306.625,0.779,59.573,118
,,,,,,,983,10581,809467,135,14306.625,0.740,56.580,157,,,,,,,,,,1044,11238,859699,135,14306.625,0.786,60.091,185
,,,,,,,1002,10786,825113,135,14306.625,0.754,57.673,156,,,,,,,,,,1037,11163,853934,140,15386,0.725,55.501,196
,,,,,,,999,10753,822643,135,14306.625,0.752,57.501,143,,,,,,,,,,1050,11302,864639,140,15386,0.735,56.197,211
,,,,,,,1015,10926,835818,180,25434,0.430,32.862,90,,,,,,,,,,1082,11647,890990,135,14306.625,0.814,62.278,230
,,,0.56,168,0.56,0.093,899,9677,1277374,140,15386,0.629,83.022,-88,,,,,,0.56,168,0.56,0.093,925,9957,1314316,140,15386,0.647,85.423,260
,,,,,,,907,9763,1288741,140,15386,0.635,83.761,20,,,,,,,,,,896,9645,1273111,145,16504.625,0.584,77.137,50
,,,,,,,917,9871,1302949,140,15386,0.642,84.684,72,,,,,,,,,,914,9839,1298687,140,15386,0.639,84.407,122
,,,,,,,919,9892,1305791,140,15386,0.643,84.869,141,,,,,,,,,,915,9849,1300108,145,16504.625,0.597,78.772,216
,,,,,,,909,9785,1291582,140,15386,0.636,83.945,130,,,,,,,,,,944,10161,1341313,145,16504.625,0.616,81.269,203
,,,,,,,862,9279,1224801,150,17662.5,0.525,69.345,98,,,,,,,,,,945,10172,1342734,145,16504.625,0.616,81.355,220
5,Lac,150,0.51,77,0.51,0.063,2168,34413,3768190,135,14306.625,2.405,263.388,24,,,5,Lac,150,0.51,77,0.51,0.063,2501,39698,4346976,135,14306.625,2.775,303.844,190
,,,,,,,2214,35143,3848143,135,14306.625,2.456,268.976,11,,,,,,,,,,2528,40127,4393905,135,14306.625,2.805,307.124,162
,,,,,,,2169,34429,3769929,135,14306.625,2.406,263.509,-37,,,,,,,,,,2521,40016,4381738,140,15386,2.601,284.787,129
,,,,,,,1403,22270,2438548,230,41526.5,0.536,58.723,74,,,,,,,,,,2548,40444,4428667,140,15386,2.629,287.837,170
,,,,,,,2172,34476,3775143,135,14306.625,2.410,263.874,27,,,,,,,,,,2570,40794,4466905,140,15386,2.651,290.323,158
,,,,,,,2288,36317,3976762,135,14306.625,2.539,277.966,-50,,,,,,,,,,2612,41460,4539905,140,15386,2.695,295.067,96
,,,0.73,110,0.73,0.063,2001,31762,2668000,135,14306.625,2.220,186.487,50,,,,,,0.73,110,0.73,0.063,2274,36095,3032000,135,14306.625,2.523,211.930,145
,,,,,,,2030,32222,2706667,135,14306.625,2.252,189.190,53,,,,,,,,,,2230,35397,2973333,135,14306.625,2.474,207.829,165
,,,,,,,1015,16111,1353333,255,51044.625,0.316,26.513,-31,,,,,,,,,,2298,36476,3064000,135,14306.625,2.550,214.167,131
,,,,,,,2100,33333,2800000,135,14306.625,2.330,195.714,-60,,,,,,,,,,2320,36825,3093333,135,14306.625,2.574,216.217,34
,,,,,,,2088,33143,2784000,135,14306.625,2.317,194.595,0,,,,,,,,,,2393,37984,3190667,135,14306.625,2.655,223.020,80
,,,,,,,2097,33286,2796000,135,14306.625,2.327,195.434,-12,,,,,,,,,,2485,39444,3313333,130,13266.5,2.973,249.752,125
,,200,0.47,94,0.47,0.275,12654,46015,5038593,135,14306.625,3.216,352.186,67,,,,,200,0.47,94,0.47,0.275,13291,48331,5292235,140,15386,3.141,343.964,180
,,,,,,,12597,45807,5015896,140,15386,2.977,326.004,64,,,,,,,,,,13364,48596,5321302,135,14306.625,3.397,371.947,162
,,,,,,,10200,37091,4061455,255,51044.625,0.727,79.567,169,,,,,,,,,,13418,48793,5342804,135,14306.625,3.410,373.450,183
,,,,,,,12758,46393,5080004,135,14306.625,3.243,355.081,245,,,,,,,,,,13672,49716,5443942,140,15386,3.231,353.824,195
,,,,,,,12716,46240,5063280,140,15386,3.005,329.084,270,,,,,,,,,,13651,49640,5435580,140,15386,3.226,353.281,271
,,,,,,,12888,46865,5131767,140,15386,3.046,333.535,113,,,,,,,,,,14245,51800,5672100,135,14306.625,3.621,396.467,153
,,,0.66,132,0.66,0.275,10130,36836,3094255,140,15386,2.394,201.108,23,,,,,,0.66,132,0.66,0.275,10810,39309,3301964,140,15386,2.555,214.608,23
,,,,,,,9112,33135,2783302,115,10381.625,3.192,268.099,23,,,,,,,,,,10993,39975,3357862,140,15386,2.598,218.241,119
,,,,,,,10054,36560,3071040,140,15386,2.376,199.600,-68,,,,,,,,,,11007,40025,3362138,135,14306.625,2.798,235.006,137
,,,,,,,10126,36822,3093033,135,14306.625,2.574,216.196,96,,,,,,,,,,11052,40189,3375884,140,15386,2.612,219.413,285
,,,,,,,10200,37091,3115636,135,14306.625,2.593,217.776,6,,,,,,,,,,11341,41240,3464160,135,14306.625,2.883,242.137,156
,,,,,,,10444,37978,3190167,140,15386,2.468,207.342,40,,,,,,,,,,11735,42673,3584509,135,14306.625,2.983,250.549,84
,,300,0.28,84,0.28,0.093,4712,50721,5553972,150,17662.5,2.872,314.450,186,,,,,300,0.28,84,0.28,0.093,5237,56372,6172783,145,16504.625,3.416,374.003,274
,,,,,,,4955,53337,5840393,145,16504.625,3.232,353.864,-44,,,,,,,,,,5226,56254,6159817,145,16504.625,3.408,373.218,163
,,,,,,,4962,53412,5848644,145,16504.625,3.236,354.364,37,,,,,,,,,,5319,57255,6269435,145,16504.625,3.469,379.859,194
,,,,,,,5000,53821,5893434,145,16504.625,3.261,357.078,46,,,,,,,,,,5331,57384,6283579,145,16504.625,3.477,380.716,196
,,,,,,,5006,53886,5900506,145,16504.625,3.265,357.506,18,,,,,,,,,,5352,57610,6308332,145,16504.625,3.491,382.216,215
,,,,,,,5061,54478,5965334,145,16504.625,3.301,361.434,-39,,,,,,,,,,5740,61787,6765662,145,16504.625,3.744,409.925,144
,,,0.56,168,0.56,0.093,4863,52347,4397115,140,15386,3.402,285.787,43,,,,,,0.56,168,0.56,0.093,4948,53262,4473972,145,16504.625,3.227,271.074,253
,,,,,,,4780,51453,4322067,145,16504.625,3.118,261.870,73,,,,,,,,,,4965,53445,4489343,145,16504.625,3.238,272.005,231
,,,,,,,4857,52282,4391690,145,16504.625,3.168,266.088,40,,,,,,,,,,5037,54220,4554446,145,16504.625,3.285,275.950,250
,,,,,,,4875,52476,4407966,140,15386,3.411,286.492,-85,,,,,,,,,,4974,53541,4497481,145,16504.625,3.244,272.498,81
,,,,,,,4796,51625,4336534,145,16504.625,3.128,262.747,4,,,,,,,,,,5069,54564,4583380,145,16504.625,3.306,277.703,167
,,,,,,,4944,53219,4470355,140,15386,3.459,290.547,-62,,,,,,,,,,5297,57018,4789537,145,16504.625,3.455,290.194,154
10,Lac,150,0.51,77,0.51,0.063,4201,66683,6268159,135,14306.625,4.661,438.130,-7,,,10,Lac,150,0.51,77,0.51,0.063,4247,67413,6336794,140,15386,4.381,411.855,97
,,,,,,,4235,67222,6318889,135,14306.625,4.699,441.676,-54,,,,,,,,,,4315,68492,6438254,140,15386,4.452,418.449,113
,,,,,,,4215,66905,6289048,135,14306.625,4.676,439.590,-69,,,,,,,,,,4416,70095,6588952,135,14306.625,4.899,460.553,124
,,,,,,,4267,67730,6366635,135,14306.625,4.734,445.013,21,,,,,,,,,,4564,72444,6809778,135,14306.625,5.064,475.988,-7
,,,,,,,4318,68540,6442730,135,14306.625,4.791,450.332,43,,,,,,,,,,4571,72556,6820222,135,14306.625,5.071,476.718,156
,,,,,,,4369,69349,6518825,135,14306.625,4.847,455.651,9,,,,,,,,,,5376,85333,8021333,135,14306.625,5.965,560.673,130
,,,0.73,110,0.73,0.063,4080,64762,10880000,135,14306.625,4.527,760.487,-25,,,,,,0.73,110,0.73,0.063,4947,78524,13192000,130,13266.5,5.919,994.384,45
,,,,,,,4076,64698,10869333,135,14306.625,4.522,759.741,-76,,,,,,,,,,5042,80032,13445333,130,13266.5,6.033,1013.480,35
,,,,,,,4072,64635,10858667,135,14306.625,4.518,758.996,-18,,,,,,,,,,5097,80905,13592000,130,13266.5,6.098,1024.535,84
,,,,,,,4249,67444,11330667,135,14306.625,4.714,791.987,56,,,,,,,,,,5130,81429,13680000,130,13266.5,6.138,1031.169,52
,,,,,,,4431,70333,11816000,135,14306.625,4.916,825.911,61,,,,,,,,,,5410,85873,14426667,130,13266.5,6.473,1087.451,121
,,,,,,,4557,72333,12152000,135,14306.625,5.056,849.397,29,,,,,,,,,,5437,86302,14498667,130,13266.5,6.505,1092.878,76
,,200,0.47,94,0.47,0.275,19360,70400,6617600,145,16504.625,4.265,400.954,4,,,,,200,0.47,94,0.47,0.275,21935,79764,7497782,135,14306.625,5.575,524.078,11
,,,,,,,19524,70996,6673658,140,15386,4.614,433.749,225,,,,,,,,,,22178,80647,7580844,140,15386,5.242,492.710,180
,,,,,,,19257,70025,6582393,140,15386,4.551,427.817,-90,,,,,,,,,,22180,80655,7581527,135,14306.625,5.638,529.931,91
,,,,,,,19632,71389,6710575,140,15386,4.640,436.148,222,,,,,,,,,,22377,81371,7648865,140,15386,5.289,497.132,88
,,,,,,,19737,71771,6746465,140,15386,4.665,438.481,67,,,,,,,,,,22456,81658,7675869,135,14306.625,5.708,536.525,168
,,,,,,,20031,72840,6846960,140,15386,4.734,445.012,-39,,,,,,,,,,23405,85109,8000255,135,14306.625,5.949,559.199,52
,,,0.66,132,0.66,0.275,18663,67865,11401396,135,14306.625,4.744,796.931,-19,,,,,,0.66,132,0.66,0.275,20056,72931,12252393,135,14306.625,5.098,856.414,46
,,,,,,,18357,66753,11214458,135,14306.625,4.666,783.865,104,,,,,,,,,,20248,73629,12369687,135,14306.625,5.147,864.613,198
,,,,,,,18366,66785,11219956,135,14306.625,4.668,784.249,0,,,,,,,,,,20425,74273,12477818,135,14306.625,5.191,872.171,106
,,,,,,,18417,66971,11251113,135,14306.625,4.681,786.427,-69,,,,,,,,,,20313,73865,12409396,140,15386,4.801,806.538,26
,,,,,,,18660,67855,11399564,135,14306.625,4.743,796.803,-47,,,,,,,,,,20770,75527,12688582,135,14306.625,5.279,886.903,-26
,,,,,,,19204,69833,11731898,135,14306.625,4.881,820.033,-109,,,,,,,,,,21082,76662,12879185,140,15386,4.983,837.072,18
,,300,0.28,84,0.28,0.093,9093,97879,9200667,145,16504.625,5.930,557.460,-14,,,,,300,0.28,84,0.28,0.093,9413,101324,9524456,145,16504.625,6.139,577.078,109
,,,,,,,9105,98009,9212809,145,16504.625,5.938,558.196,-136,,,,,,,,,,9433,101539,9544693,145,16504.625,6.152,578.304,38
,,,,,,,9141,98396,9249236,140,15386,6.395,601.146,-90,,,,,,,,,,9579,103111,9692422,145,16504.625,6.247,587.255,20
,,,,,,,9239,99451,9348396,140,15386,6.464,607.591,-68,,,,,,,,,,9512,102390,9624629,145,16504.625,6.204,583.147,45
,,,,,,,9262,99699,9371668,140,15386,6.480,609.104,-38,,,,,,,,,,9651,103886,9765274,145,16504.625,6.294,591.669,65
,,,,,,,9597,103305,9710635,145,16504.625,6.259,588.358,72,,,,,,,,,,10365,111572,10487729,140,15386,7.252,681.641,179
,,,0.56,168,0.56,0.093,8204,88310,14836082,140,15386,5.740,964.259,-4,,,,,,0.56,168,0.56,0.093,8583,92390,15521464,140,15386,6.005,1008.804,127
,,,,,,,8097,87158,14642583,140,15386,5.665,951.682,-76,,,,,,,,,,8690,93541,15714962,140,15386,6.080,1021.381,151
,,,,,,,8142,87643,14723961,145,16504.625,5.310,892.111,-64,,,,,,,,,,8683,93466,15702304,145,16504.625,5.663,951.388,95
,,,,,,,8090,87083,14629925,145,16504.625,5.276,886.414,1,,,,,,,,,,8668,93305,15675178,140,15386,6.064,1018.795,97
,,,,,,,8155,87783,14747470,145,16504.625,5.319,893.536,-70,,,,,,,,,,8722,93886,15772831,140,15386,6.102,1025.142,15
,,,,,,,8592,92487,15537740,140,15386,6.011,1009.862,48,,,,,,,,,,8953,96372,16190571,145,16504.625,5.839,980.972,76
