PrintPol,GlycType,DP,Valency,GlycSpace,PolSpace,GlycDen,MVF,MVF_orig,Status
1.0,2-6 SiaLac,150.0,44.0,0.29,0.431,18.759,6.876699,129.0,True binder
1.0,2-6 SiaLac,150.0,44.0,0.29,0.422,18.355,7.790793,143.0,True binder
1.0,2-6 SiaLac,150.0,44.0,0.29,0.427,18.579,7.858335,146.0,True binder
1.0,2-6 SiaLac,150.0,44.0,0.29,0.434,18.893,7.621871,144.0,True binder
1.0,2-6 SiaLac,150.0,44.0,0.29,0.437,19.028,6.569266,125.0,True binder
1.0,2-6 SiaLac,150.0,44.0,0.29,0.389,16.901,8.342702,141.0,True binder
1.0,2-6 SiaLac,150.0,60.0,0.4,0.352,21.106,2.700654,57.0,True binder
1.0,2-6 SiaLac,150.0,60.0,0.4,0.382,22.901,2.969303,68.0,True binder
1.0,2-6 SiaLac,150.0,60.0,0.4,0.385,23.116,2.509085,58.0,True binder
1.0,2-6 SiaLac,150.0,60.0,0.4,0.376,22.542,2.750421,62.0,True binder
1.0,2-6 SiaLac,150.0,60.0,0.4,0.354,21.236,3.296289,70.0,True binder
1.0,2-6 SiaLac,150.0,60.0,0.4,0.344,20.636,3.149835,65.0,True binder
1.0,2-6 SiaLac,200.0,78.0,0.39,0.449,35.012,3.741574,131.0,True binder
1.0,2-6 SiaLac,200.0,78.0,0.39,0.411,32.021,3.653852,117.0,True binder
1.0,2-6 SiaLac,200.0,78.0,0.39,0.423,32.961,2.760839,91.0,True binder
1.0,2-6 SiaLac,200.0,78.0,0.39,0.461,35.964,3.892782,140.0,True binder
1.0,2-6 SiaLac,200.0,78.0,0.39,0.471,36.737,3.565887,131.0,True binder
1.0,2-6 SiaLac,200.0,78.0,0.39,0.422,32.906,4.132985,136.0,True binder
1.0,2-6 SiaLac,200.0,98.0,0.49,0.418,40.975,3.636364,149.0,True binder
1.0,2-6 SiaLac,200.0,98.0,0.49,0.39,38.193,3.901238,149.0,True binder
1.0,2-6 SiaLac,200.0,98.0,0.49,0.434,42.495,3.859278,164.0,True binder
1.0,2-6 SiaLac,200.0,98.0,0.49,0.429,42.021,4.378763,184.0,True binder
1.0,2-6 SiaLac,200.0,98.0,0.49,0.418,40.996,4.439458,182.0,True binder
1.0,2-6 SiaLac,200.0,98.0,0.49,0.394,38.564,4.563842,176.0,True binder
1.0,2-6 SiaLac,300.0,105.0,0.35,0.469,49.297,3.935331,194.0,True binder
1.0,2-6 SiaLac,300.0,105.0,0.35,0.471,49.455,4.751795,235.0,True binder
1.0,2-6 SiaLac,300.0,105.0,0.35,0.469,49.218,4.510545,222.0,True binder
1.0,2-6 SiaLac,300.0,105.0,0.35,0.465,48.823,4.772341,233.0,True binder
1.0,2-6 SiaLac,300.0,105.0,0.35,0.474,49.771,4.641257,231.0,True binder
1.0,2-6 SiaLac,300.0,105.0,0.35,0.457,48.033,4.954927,238.0,True binder
1.0,2-6 SiaLac,300.0,141.0,0.47,0.354,49.861,4.713102,235.0,True binder
1.0,2-6 SiaLac,300.0,141.0,0.47,0.328,46.265,5.446882,252.0,True binder
1.0,2-6 SiaLac,300.0,141.0,0.47,0.325,45.772,5.177838,237.0,True binder
1.0,2-6 SiaLac,300.0,141.0,0.47,0.348,49.119,5.150756,253.0,True binder
1.0,2-6 SiaLac,300.0,141.0,0.47,0.404,56.969,4.353245,248.0,True binder
1.0,2-6 SiaLac,300.0,141.0,0.47,0.327,46.166,5.111987,236.0,True binder
5.0,2-6 SiaLac,150.0,44.0,0.29,1.801,78.355,3.343756,262.0,True binder
5.0,2-6 SiaLac,150.0,44.0,0.29,1.787,77.727,3.306444,257.0,True binder
5.0,2-6 SiaLac,150.0,44.0,0.29,1.643,71.455,4.310405,308.0,True binder
5.0,2-6 SiaLac,150.0,44.0,0.29,1.719,74.765,3.811944,285.0,True binder
5.0,2-6 SiaLac,150.0,44.0,0.29,1.599,69.572,3.607773,251.0,True binder
5.0,2-6 SiaLac,150.0,44.0,0.29,1.613,70.158,3.591893,252.0,True binder
5.0,2-6 SiaLac,150.0,60.0,0.4,1.664,99.858,1.672375,167.0,True binder
5.0,2-6 SiaLac,150.0,60.0,0.4,1.651,99.068,1.63524,162.0,True binder
5.0,2-6 SiaLac,150.0,60.0,0.4,1.634,98.063,1.947727,191.0,True binder
5.0,2-6 SiaLac,150.0,60.0,0.4,1.618,97.058,1.854561,180.0,True binder
5.0,2-6 SiaLac,150.0,60.0,0.4,1.649,98.924,2.729368,270.0,True binder
5.0,2-6 SiaLac,150.0,60.0,0.4,1.358,81.459,3.093581,252.0,True binder
5.0,2-6 SiaLac,200.0,78.0,0.39,1.947,151.847,1.580538,240.0,True binder
5.0,2-6 SiaLac,200.0,78.0,0.39,1.929,150.427,1.70847,257.0,True binder
5.0,2-6 SiaLac,200.0,78.0,0.39,2.058,160.527,1.91868,308.0,True binder
5.0,2-6 SiaLac,200.0,78.0,0.39,1.921,149.874,2.241883,336.0,True binder
5.0,2-6 SiaLac,200.0,78.0,0.39,2.084,162.569,1.820765,296.0,True binder
5.0,2-6 SiaLac,200.0,78.0,0.39,1.977,154.169,2.017267,311.0,True binder
5.0,2-6 SiaLac,200.0,98.0,0.49,2.07,202.909,1.61156,327.0,True binder
5.0,2-6 SiaLac,200.0,98.0,0.49,2.097,205.549,1.746542,359.0,True binder
5.0,2-6 SiaLac,200.0,98.0,0.49,2.164,212.05,1.480783,314.0,True binder
5.0,2-6 SiaLac,200.0,98.0,0.49,2.126,208.389,1.751532,365.0,True binder
5.0,2-6 SiaLac,200.0,98.0,0.49,2.234,218.95,1.694451,371.0,True binder
5.0,2-6 SiaLac,200.0,98.0,0.49,2.191,214.74,1.899972,408.0,True binder
5.0,2-6 SiaLac,300.0,105.0,0.35,2.188,229.737,1.823825,419.0,True binder
5.0,2-6 SiaLac,300.0,105.0,0.35,2.471,259.421,1.657537,430.0,True binder
5.0,2-6 SiaLac,300.0,105.0,0.35,2.312,242.772,1.655875,402.0,True binder
5.0,2-6 SiaLac,300.0,105.0,0.35,2.259,237.163,1.60649,381.0,True binder
5.0,2-6 SiaLac,300.0,105.0,0.35,2.289,240.323,1.593688,383.0,True binder
5.0,2-6 SiaLac,300.0,105.0,0.35,2.046,214.796,1.773776,381.0,True binder
5.0,2-6 SiaLac,300.0,141.0,0.47,1.953,275.404,1.521401,419.0,True binder
5.0,2-6 SiaLac,300.0,141.0,0.47,1.989,280.391,1.405181,394.0,True binder
5.0,2-6 SiaLac,300.0,141.0,0.47,1.992,280.815,1.253494,352.0,True binder
5.0,2-6 SiaLac,300.0,141.0,0.47,2.111,297.683,1.216059,362.0,True binder
5.0,2-6 SiaLac,300.0,141.0,0.47,1.868,263.384,1.154208,304.0,True binder
10.0,2-6 SiaLac,150.0,44.0,0.29,3.838,168.859,1.385772,234.0,True binder
10.0,2-6 SiaLac,150.0,44.0,0.29,3.78,166.319,1.364847,227.0,True binder
10.0,2-6 SiaLac,150.0,44.0,0.29,4.234,186.287,1.71778,320.0,True binder
10.0,2-6 SiaLac,150.0,44.0,0.29,3.733,164.231,2.210301,363.0,True binder
10.0,2-6 SiaLac,150.0,44.0,0.29,4.125,181.503,2.071591,376.0,True binder
10.0,2-6 SiaLac,150.0,44.0,0.29,3.676,161.734,2.380452,385.0,True binder
10.0,2-6 SiaLac,150.0,60.0,0.4,2.655,159.3,1.607031,256.0,True binder
10.0,2-6 SiaLac,150.0,60.0,0.4,2.894,173.656,1.710278,297.0,True binder
10.0,2-6 SiaLac,150.0,60.0,0.4,2.821,169.286,1.736706,294.0,True binder
10.0,2-6 SiaLac,150.0,60.0,0.4,2.789,167.355,1.577485,264.0,True binder
10.0,2-6 SiaLac,150.0,60.0,0.4,3.242,194.547,2.498111,486.0,True binder
10.0,2-6 SiaLac,150.0,60.0,0.4,2.945,176.675,3.186642,563.0,True binder
10.0,2-6 SiaLac,200.0,78.0,0.39,4.063,316.891,1.565207,496.0,False non-binder
10.0,2-6 SiaLac,200.0,78.0,0.39,3.829,298.679,1.432977,428.0,True binder
10.0,2-6 SiaLac,200.0,78.0,0.39,4.168,325.119,0.950421,309.0,True non-binder
10.0,2-6 SiaLac,200.0,78.0,0.39,3.79,295.656,0.700138,207.0,False binder
10.0,2-6 SiaLac,200.0,78.0,0.39,3.831,298.845,0.609011,182.0,False binder
10.0,2-6 SiaLac,200.0,78.0,0.39,2.369,184.803,2.202345,407.0,True binder
10.0,2-6 SiaLac,200.0,98.0,0.49,3.871,379.364,1.389167,527.0,False non-binder
10.0,2-6 SiaLac,200.0,98.0,0.49,3.773,369.799,1.663066,615.0,False non-binder
10.0,2-6 SiaLac,200.0,98.0,0.49,3.763,368.728,1.429238,527.0,False non-binder
10.0,2-6 SiaLac,200.0,98.0,0.49,1.556,152.473,2.33484,356.0,True binder
10.0,2-6 SiaLac,200.0,98.0,0.49,2.128,208.542,1.21798,254.0,True binder
10.0,2-6 SiaLac,200.0,98.0,0.49,3.321,325.436,1.702332,554.0,False non-binder
10.0,2-6 SiaLac,300.0,105.0,0.35,5.169,542.696,0.751802,408.0,True non-binder
10.0,2-6 SiaLac,300.0,105.0,0.35,4.835,507.665,1.067633,542.0,False non-binder
10.0,2-6 SiaLac,300.0,105.0,0.35,4.83,507.112,1.080629,548.0,False non-binder
10.0,2-6 SiaLac,300.0,105.0,0.35,4.83,507.191,0.806402,409.0,True non-binder
10.0,2-6 SiaLac,300.0,105.0,0.35,4.712,494.788,0.503246,249.0,True non-binder
10.0,2-6 SiaLac,300.0,141.0,0.47,4.29,604.914,0.737295,446.0,True non-binder
10.0,2-6 SiaLac,300.0,141.0,0.47,4.671,658.633,0.932234,614.0,True non-binder
10.0,2-6 SiaLac,300.0,141.0,0.47,4.31,607.672,1.010414,614.0,True non-binder
10.0,2-6 SiaLac,300.0,141.0,0.47,4.304,606.929,0.634341,385.0,True non-binder
10.0,2-6 SiaLac,300.0,141.0,0.47,4.409,621.676,0.275063,171.0,True non-binder
10.0,2-6 SiaLac,300.0,141.0,0.47,4.484,632.178,0.49195,311.0,True non-binder
1.0,2-3 SiaLac,150.0,51.0,0.34,0.759,38.693,16.385393,634.0,True binder
1.0,2-3 SiaLac,150.0,51.0,0.34,0.742,37.841,17.045004,645.0,True binder
1.0,2-3 SiaLac,150.0,51.0,0.34,0.677,34.544,17.687587,611.0,True binder
1.0,2-3 SiaLac,150.0,51.0,0.34,0.671,34.232,19.922879,682.0,True binder
1.0,2-3 SiaLac,150.0,51.0,0.34,0.868,44.243,15.121036,669.0,True binder
1.0,2-3 SiaLac,150.0,51.0,0.34,0.661,33.73,21.553513,727.0,True binder
1.0,2-3 SiaLac,150.0,87.0,0.58,0.322,28.001,22.034927,617.0,True binder
1.0,2-3 SiaLac,150.0,87.0,0.58,0.319,27.793,20.076998,558.0,True binder
1.0,2-3 SiaLac,150.0,87.0,0.58,0.305,26.544,22.001206,584.0,True binder
1.0,2-3 SiaLac,150.0,87.0,0.58,0.306,26.641,21.13284,563.0,True binder
1.0,2-3 SiaLac,150.0,87.0,0.58,0.298,25.965,21.837088,567.0,True binder
1.0,2-3 SiaLac,150.0,87.0,0.58,0.307,26.738,22.851373,611.0,True binder
1.0,2-3 SiaLac,200.0,74.0,0.37,0.499,36.902,32.735353,1208.0,True binder
1.0,2-3 SiaLac,200.0,74.0,0.37,0.495,36.623,32.766294,1200.0,True binder
1.0,2-3 SiaLac,200.0,74.0,0.37,0.506,37.48,34.845251,1306.0,True binder
1.0,2-3 SiaLac,200.0,74.0,0.37,0.502,37.182,31.35926,1166.0,True binder
1.0,2-3 SiaLac,200.0,74.0,0.37,0.512,37.864,30.715191,1163.0,True binder
1.0,2-3 SiaLac,200.0,74.0,0.37,0.533,39.438,30.605,1207.0,True binder
1.0,2-3 SiaLac,200.0,104.0,0.52,0.499,51.882,25.808566,1339.0,True binder
1.0,2-3 SiaLac,200.0,104.0,0.52,0.454,47.185,30.348628,1432.0,True binder
1.0,2-3 SiaLac,200.0,104.0,0.52,0.467,48.533,26.188367,1271.0,True binder
1.0,2-3 SiaLac,200.0,104.0,0.52,0.459,47.766,26.127371,1248.0,True binder
1.0,2-3 SiaLac,200.0,104.0,0.52,0.463,48.189,23.698354,1142.0,True binder
1.0,2-3 SiaLac,200.0,104.0,0.52,0.454,47.185,24.541698,1158.0,True binder
1.0,2-3 SiaLac,300.0,108.0,0.36,0.461,49.793,28.29715,1409.0,True binder
1.0,2-3 SiaLac,300.0,108.0,0.36,0.514,55.5,30.702703,1704.0,True binder
1.0,2-3 SiaLac,300.0,108.0,0.36,0.476,51.455,25.459139,1310.0,True binder
1.0,2-3 SiaLac,300.0,108.0,0.36,0.479,51.682,32.506482,1680.0,True binder
1.0,2-3 SiaLac,300.0,108.0,0.36,0.477,51.531,22.821214,1176.0,True binder
1.0,2-3 SiaLac,300.0,108.0,0.36,0.509,55.012,21.286265,1171.0,True binder
1.0,2-3 SiaLac,300.0,138.0,0.46,0.634,87.426,13.874591,1213.0,True binder
1.0,2-3 SiaLac,300.0,138.0,0.46,0.624,86.076,20.098518,1730.0,True binder
1.0,2-3 SiaLac,300.0,138.0,0.46,0.638,88.049,13.537916,1192.0,True binder
1.0,2-3 SiaLac,300.0,138.0,0.46,0.645,88.983,11.552769,1028.0,True binder
1.0,2-3 SiaLac,300.0,138.0,0.46,0.603,83.223,11.6314,968.0,True binder
1.0,2-3 SiaLac,300.0,138.0,0.46,0.646,89.191,9.53011,850.0,True binder
5.0,2-3 SiaLac,150.0,51.0,0.34,2.099,107.057,10.72326,1148.0,True binder
5.0,2-3 SiaLac,150.0,51.0,0.34,2.086,106.378,11.75055,1250.0,True binder
5.0,2-3 SiaLac,150.0,51.0,0.34,2.117,107.962,11.077972,1196.0,True binder
5.0,2-3 SiaLac,150.0,51.0,0.34,1.996,101.809,10.932236,1113.0,True binder
5.0,2-3 SiaLac,150.0,51.0,0.34,2.011,102.545,10.317422,1058.0,True binder
5.0,2-3 SiaLac,150.0,51.0,0.34,2.041,104.071,10.079657,1049.0,True binder
5.0,2-3 SiaLac,150.0,87.0,0.58,1.798,156.452,7.599775,1189.0,True binder
5.0,2-3 SiaLac,150.0,87.0,0.58,1.455,126.545,10.1861,1289.0,True binder
5.0,2-3 SiaLac,150.0,87.0,0.58,1.895,164.828,7.268183,1198.0,True binder
5.0,2-3 SiaLac,150.0,87.0,0.58,1.724,149.998,7.820104,1173.0,True binder
5.0,2-3 SiaLac,150.0,87.0,0.58,1.655,144.016,7.42973,1070.0,True binder
5.0,2-3 SiaLac,150.0,87.0,0.58,1.743,151.664,6.29022,954.0,True binder
5.0,2-3 SiaLac,200.0,74.0,0.37,2.213,163.787,6.813728,1116.0,True binder
5.0,2-3 SiaLac,200.0,74.0,0.37,2.046,151.423,7.521975,1139.0,True binder
5.0,2-3 SiaLac,200.0,74.0,0.37,2.051,151.755,7.083786,1075.0,True binder
5.0,2-3 SiaLac,200.0,74.0,0.37,2.055,152.052,6.951569,1057.0,True binder
5.0,2-3 SiaLac,200.0,74.0,0.37,2.26,167.211,6.100077,1020.0,True binder
5.0,2-3 SiaLac,200.0,74.0,0.37,2.133,157.876,5.637336,890.0,True binder
5.0,2-3 SiaLac,200.0,104.0,0.52,1.998,207.745,4.832848,1004.0,True binder
5.0,2-3 SiaLac,200.0,104.0,0.52,2.027,210.838,4.657604,982.0,True binder
5.0,2-3 SiaLac,200.0,104.0,0.52,2.052,213.376,4.531906,967.0,True binder
5.0,2-3 SiaLac,200.0,104.0,0.52,2.024,210.521,4.412861,929.0,True binder
5.0,2-3 SiaLac,200.0,104.0,0.52,2.047,212.847,4.125029,878.0,True binder
5.0,2-3 SiaLac,200.0,104.0,0.52,2.089,217.288,3.957881,860.0,True binder
5.0,2-3 SiaLac,300.0,108.0,0.36,2.053,221.736,4.306924,955.0,True binder
5.0,2-3 SiaLac,300.0,108.0,0.36,2.066,223.075,4.523142,1009.0,True binder
5.0,2-3 SiaLac,300.0,108.0,0.36,2.268,244.96,3.821032,936.0,True binder
5.0,2-3 SiaLac,300.0,108.0,0.36,2.127,229.766,4.221686,970.0,True binder
5.0,2-3 SiaLac,300.0,108.0,0.36,2.157,233.006,4.171566,972.0,True binder
5.0,2-3 SiaLac,300.0,108.0,0.36,2.3,248.432,3.719328,924.0,True binder
5.0,2-3 SiaLac,300.0,138.0,0.46,2.337,322.478,2.331942,752.0,True binder
5.0,2-3 SiaLac,300.0,138.0,0.46,2.296,316.879,2.464663,781.0,True binder
5.0,2-3 SiaLac,300.0,138.0,0.46,2.359,325.501,2.454678,799.0,True binder
5.0,2-3 SiaLac,300.0,138.0,0.46,2.433,335.802,2.424048,814.0,True binder
5.0,2-3 SiaLac,300.0,138.0,0.46,2.493,343.976,2.346094,807.0,True binder
5.0,2-3 SiaLac,300.0,138.0,0.46,2.447,337.706,2.368924,800.0,True binder
10.0,2-3 SiaLac,150.0,51.0,0.34,3.75,191.253,4.836525,925.0,True binder
10.0,2-3 SiaLac,150.0,51.0,0.34,4.131,210.662,4.618773,973.0,True binder
10.0,2-3 SiaLac,150.0,51.0,0.34,3.877,197.725,5.826274,1152.0,True binder
10.0,2-3 SiaLac,150.0,51.0,0.34,3.766,192.042,5.045771,969.0,True binder
10.0,2-3 SiaLac,150.0,51.0,0.34,3.857,196.725,3.421019,673.0,True binder
10.0,2-3 SiaLac,150.0,51.0,0.34,3.93,200.408,4.705401,943.0,True binder
10.0,2-3 SiaLac,150.0,87.0,0.58,2.843,247.298,3.687858,912.0,True binder
10.0,2-3 SiaLac,150.0,87.0,0.58,2.771,241.12,4.159754,1003.0,True binder
10.0,2-3 SiaLac,150.0,87.0,0.58,2.767,240.734,4.714747,1135.0,True binder
10.0,2-3 SiaLac,150.0,87.0,0.58,2.825,245.754,4.089455,1005.0,True binder
10.0,2-3 SiaLac,150.0,87.0,0.58,2.999,260.908,2.993392,781.0,True binder
10.0,2-3 SiaLac,150.0,87.0,0.58,2.807,244.209,4.19313,1024.0,True binder
10.0,2-3 SiaLac,200.0,74.0,0.37,4.551,336.791,2.713849,914.0,True binder
10.0,2-3 SiaLac,200.0,74.0,0.37,4.315,319.32,2.899912,926.0,True binder
10.0,2-3 SiaLac,200.0,74.0,0.37,4.236,313.444,3.381784,1060.0,True binder
10.0,2-3 SiaLac,200.0,74.0,0.37,4.276,316.452,2.047704,648.0,True binder
10.0,2-3 SiaLac,200.0,74.0,0.37,4.445,328.904,1.036777,341.0,False binder
10.0,2-3 SiaLac,200.0,74.0,0.37,4.423,327.33,2.034644,666.0,True binder
10.0,2-3 SiaLac,200.0,104.0,0.52,3.283,341.411,2.551177,871.0,True binder
10.0,2-3 SiaLac,200.0,104.0,0.52,1.709,177.69,5.49834,977.0,True binder
10.0,2-3 SiaLac,200.0,104.0,0.52,2.362,245.678,4.180268,1027.0,True binder
10.0,2-3 SiaLac,200.0,104.0,0.52,1.501,156.057,3.223181,503.0,True binder
10.0,2-3 SiaLac,200.0,104.0,0.52,1.955,203.272,2.090795,425.0,True binder
10.0,2-3 SiaLac,200.0,104.0,0.52,3.423,355.961,2.149112,765.0,True binder
10.0,2-3 SiaLac,300.0,108.0,0.36,2.253,243.362,3.603685,877.0,True binder
10.0,2-3 SiaLac,300.0,108.0,0.36,3.524,380.638,2.624541,999.0,True binder
10.0,2-3 SiaLac,300.0,108.0,0.36,3.499,377.926,2.691003,1017.0,True binder
10.0,2-3 SiaLac,300.0,108.0,0.36,3.52,380.145,1.178498,448.0,True binder
10.0,2-3 SiaLac,300.0,108.0,0.36,3.954,427.038,0.990544,423.0,False binder
10.0,2-3 SiaLac,300.0,108.0,0.36,4.51,487.066,1.408433,686.0,True binder
10.0,2-3 SiaLac,300.0,138.0,0.46,3.661,505.229,1.573544,795.0,True binder
10.0,2-3 SiaLac,300.0,138.0,0.46,3.671,506.581,1.97994,1003.0,True binder
10.0,2-3 SiaLac,300.0,138.0,0.46,3.737,515.753,2.125048,1096.0,True binder
10.0,2-3 SiaLac,300.0,138.0,0.46,3.807,525.311,1.106011,581.0,True binder
10.0,2-3 SiaLac,300.0,138.0,0.46,4.131,570.109,0.827912,472.0,False binder
10.0,2-3 SiaLac,300.0,138.0,0.46,4.792,661.345,1.058449,700.0,True binder
1.0,2-6 SiaLac,150.0,44.0,0.29,0.423,18.4,5.978261,110.0,True binder
1.0,2-6 SiaLac,150.0,44.0,0.29,0.429,18.669,3.803096,71.0,True binder
1.0,2-6 SiaLac,150.0,44.0,0.29,0.456,19.836,3.680177,73.0,True binder
1.0,2-6 SiaLac,150.0,44.0,0.29,0.438,19.073,4.194411,80.0,True binder
1.0,2-6 SiaLac,150.0,44.0,0.29,0.431,18.759,3.998081,75.0,True binder
1.0,2-6 SiaLac,150.0,44.0,0.29,0.479,20.849,3.885078,81.0,True binder
1.0,2-6 SiaLac,150.0,60.0,0.4,0.535,32.1,4.984424,160.0,True binder
1.0,2-6 SiaLac,150.0,60.0,0.4,0.595,35.723,2.715337,97.0,True binder
1.0,2-6 SiaLac,150.0,60.0,0.4,0.402,24.121,2.404544,58.0,True binder
1.0,2-6 SiaLac,150.0,60.0,0.4,0.527,31.602,2.151763,68.0,True binder
1.0,2-6 SiaLac,150.0,60.0,0.4,0.724,43.467,1.587411,69.0,True binder
1.0,2-6 SiaLac,150.0,60.0,0.4,0.769,46.123,1.799536,83.0,True binder
1.0,2-6 SiaLac,200.0,78.0,0.39,0.503,39.255,5.477009,215.0,True binder
1.0,2-6 SiaLac,200.0,78.0,0.39,0.519,40.484,4.619109,187.0,True binder
1.0,2-6 SiaLac,200.0,78.0,0.39,0.502,39.136,3.475061,136.0,True binder
1.0,2-6 SiaLac,200.0,78.0,0.39,0.539,42.05,3.210464,135.0,True binder
1.0,2-6 SiaLac,200.0,78.0,0.39,0.528,41.158,4.470577,184.0,True binder
1.0,2-6 SiaLac,200.0,78.0,0.39,0.486,37.939,4.507235,171.0,True binder
1.0,2-6 SiaLac,200.0,98.0,0.49,0.495,48.486,4.949882,240.0,True binder
1.0,2-6 SiaLac,200.0,98.0,0.49,0.471,46.131,3.641803,168.0,True binder
1.0,2-6 SiaLac,200.0,98.0,0.49,0.506,49.614,2.962873,147.0,True binder
1.0,2-6 SiaLac,200.0,98.0,0.49,0.479,46.978,2.894972,136.0,True binder
1.0,2-6 SiaLac,200.0,98.0,0.49,0.478,46.829,3.480749,163.0,True binder
1.0,2-6 SiaLac,200.0,98.0,0.49,0.538,52.757,3.468734,183.0,True binder
1.0,2-6 SiaLac,300.0,105.0,0.35,0.51,53.503,4.896922,262.0,True binder
1.0,2-6 SiaLac,300.0,105.0,0.35,0.528,55.462,3.281526,182.0,True binder
1.0,2-6 SiaLac,300.0,105.0,0.35,0.521,54.696,1.627176,89.0,True binder
1.0,2-6 SiaLac,300.0,105.0,0.35,0.514,53.958,3.372994,182.0,True binder
1.0,2-6 SiaLac,300.0,105.0,0.35,0.493,51.746,3.343254,173.0,True binder
1.0,2-6 SiaLac,300.0,105.0,0.35,0.537,56.399,3.06743,173.0,True binder
1.0,2-6 SiaLac,300.0,141.0,0.47,0.332,46.785,5.364967,251.0,True binder
1.0,2-6 SiaLac,300.0,141.0,0.47,0.359,50.604,3.932495,199.0,True binder
1.0,2-6 SiaLac,300.0,141.0,0.47,0.343,48.376,3.762196,182.0,True binder
1.0,2-6 SiaLac,300.0,141.0,0.47,0.371,52.301,3.460737,181.0,True binder
1.0,2-6 SiaLac,300.0,141.0,0.47,0.358,50.498,3.267456,165.0,True binder
1.0,2-6 SiaLac,300.0,141.0,0.47,0.373,52.62,3.895857,205.0,True binder
5.0,2-6 SiaLac,150.0,44.0,0.29,1.871,81.407,2.579631,210.0,True binder
5.0,2-6 SiaLac,150.0,44.0,0.29,1.908,82.977,2.530822,210.0,True binder
5.0,2-6 SiaLac,150.0,44.0,0.29,1.87,81.362,2.359824,192.0,True binder
5.0,2-6 SiaLac,150.0,44.0,0.29,1.961,85.311,2.285754,195.0,True binder
5.0,2-6 SiaLac,150.0,44.0,0.29,1.93,83.965,2.346216,197.0,True binder
5.0,2-6 SiaLac,150.0,44.0,0.29,1.885,81.99,2.23198,183.0,True binder
5.0,2-6 SiaLac,150.0,60.0,0.4,1.461,87.654,1.357611,119.0,True binder
5.0,2-6 SiaLac,150.0,60.0,0.4,1.514,90.812,1.717835,156.0,True binder
5.0,2-6 SiaLac,150.0,60.0,0.4,1.324,79.417,2.228742,177.0,True binder
5.0,2-6 SiaLac,150.0,60.0,0.4,1.566,93.971,1.840993,173.0,True binder
5.0,2-6 SiaLac,150.0,60.0,0.4,1.4,84.01,2.237829,188.0,True binder
5.0,2-6 SiaLac,150.0,60.0,0.4,1.455,87.272,1.730223,151.0,True binder
5.0,2-6 SiaLac,200.0,78.0,0.39,2.186,170.539,1.307619,223.0,True binder
5.0,2-6 SiaLac,200.0,78.0,0.39,2.294,178.925,1.346933,241.0,True binder
5.0,2-6 SiaLac,200.0,78.0,0.39,2.216,172.859,1.226433,212.0,True binder
5.0,2-6 SiaLac,200.0,78.0,0.39,2.357,183.822,1.25121,230.0,True binder
5.0,2-6 SiaLac,200.0,78.0,0.39,2.279,177.736,1.372823,244.0,True binder
5.0,2-6 SiaLac,200.0,78.0,0.39,2.284,178.152,1.234901,220.0,True binder
5.0,2-6 SiaLac,200.0,98.0,0.49,1.858,182.124,1.202477,219.0,False binder
5.0,2-6 SiaLac,200.0,98.0,0.49,1.936,189.726,1.11213,211.0,False binder
5.0,2-6 SiaLac,200.0,98.0,0.49,1.747,171.249,1.197087,205.0,False binder
5.0,2-6 SiaLac,200.0,98.0,0.49,1.747,171.249,1.144532,196.0,False binder
5.0,2-6 SiaLac,200.0,98.0,0.49,1.753,171.822,1.204735,207.0,False binder
5.0,2-6 SiaLac,200.0,98.0,0.49,1.849,181.163,1.264055,229.0,True binder
5.0,2-6 SiaLac,300.0,105.0,0.35,2.558,268.622,0.748263,201.0,False binder
5.0,2-6 SiaLac,300.0,105.0,0.35,2.454,257.625,0.885007,228.0,False binder
5.0,2-6 SiaLac,300.0,105.0,0.35,2.49,261.496,0.818368,214.0,False binder
5.0,2-6 SiaLac,300.0,105.0,0.35,2.462,258.494,0.777581,201.0,False binder
5.0,2-6 SiaLac,300.0,105.0,0.35,2.509,263.471,0.842597,222.0,False binder
5.0,2-6 SiaLac,300.0,105.0,0.35,2.437,255.886,0.79723,204.0,False binder
5.0,2-6 SiaLac,300.0,141.0,0.47,2.076,292.764,0.785616,230.0,False binder
5.0,2-6 SiaLac,300.0,141.0,0.47,1.902,268.19,0.846415,227.0,False binder
5.0,2-6 SiaLac,300.0,141.0,0.47,2.117,298.484,0.810764,242.0,False binder
5.0,2-6 SiaLac,300.0,141.0,0.47,1.991,280.709,1.022411,287.0,False binder
5.0,2-6 SiaLac,300.0,141.0,0.47,2.193,309.238,0.66292,205.0,False binder
5.0,2-6 SiaLac,300.0,141.0,0.47,2.113,298.001,0.72483,216.0,False binder
10.0,2-6 SiaLac,150.0,44.0,0.29,3.963,174.376,1.164151,203.0,False binder
10.0,2-6 SiaLac,150.0,44.0,0.29,3.733,164.231,1.485712,244.0,True binder
10.0,2-6 SiaLac,150.0,44.0,0.29,3.646,160.418,1.458689,234.0,True binder
10.0,2-6 SiaLac,150.0,44.0,0.29,4.207,185.116,1.296484,240.0,True binder
10.0,2-6 SiaLac,150.0,44.0,0.29,4.039,177.695,1.27747,227.0,True binder
10.0,2-6 SiaLac,150.0,44.0,0.29,4.128,181.65,1.22213,222.0,True binder
10.0,2-6 SiaLac,150.0,60.0,0.4,2.043,122.554,1.387144,170.0,True binder
10.0,2-6 SiaLac,150.0,60.0,0.4,2.237,134.244,1.19186,160.0,False binder
10.0,2-6 SiaLac,150.0,60.0,0.4,2.049,122.953,1.341976,165.0,True binder
10.0,2-6 SiaLac,150.0,60.0,0.4,2.383,143.003,1.223751,175.0,True binder
10.0,2-6 SiaLac,150.0,60.0,0.4,2.092,125.55,1.274393,160.0,True binder
10.0,2-6 SiaLac,150.0,60.0,0.4,2.243,134.603,1.29269,174.0,True binder
10.0,2-6 SiaLac,200.0,78.0,0.39,4.204,327.935,0.817235,268.0,True non-binder
10.0,2-6 SiaLac,200.0,78.0,0.39,4.318,336.784,0.929379,313.0,True non-binder
10.0,2-6 SiaLac,200.0,78.0,0.39,2.856,222.763,1.099824,245.0,False binder
10.0,2-6 SiaLac,200.0,78.0,0.39,2.979,232.328,1.157846,269.0,False binder
10.0,2-6 SiaLac,200.0,78.0,0.39,4.251,331.603,0.802164,266.0,True non-binder
10.0,2-6 SiaLac,200.0,78.0,0.39,4.826,376.407,0.863427,325.0,True non-binder
10.0,2-6 SiaLac,200.0,98.0,0.49,3.396,332.834,0.802202,267.0,True non-binder
10.0,2-6 SiaLac,200.0,98.0,0.49,3.685,361.158,0.689449,249.0,True non-binder
10.0,2-6 SiaLac,200.0,98.0,0.49,2.579,252.775,1.032539,261.0,False binder
10.0,2-6 SiaLac,200.0,98.0,0.49,2.307,226.075,1.145638,259.0,False binder
10.0,2-6 SiaLac,200.0,98.0,0.49,3.492,342.25,0.835646,286.0,True non-binder
10.0,2-6 SiaLac,200.0,98.0,0.49,3.728,365.322,0.974483,356.0,True non-binder
10.0,2-6 SiaLac,300.0,105.0,0.35,5.559,583.675,0.311817,182.0,True non-binder
10.0,2-6 SiaLac,300.0,105.0,0.35,5.466,573.878,0.329338,189.0,True non-binder
10.0,2-6 SiaLac,300.0,105.0,0.35,5.554,583.164,0.305231,178.0,True non-binder
10.0,2-6 SiaLac,300.0,105.0,0.35,5.048,530.022,0.260367,138.0,True non-binder
10.0,2-6 SiaLac,300.0,105.0,0.35,5.592,587.168,0.246948,145.0,True non-binder
10.0,2-6 SiaLac,300.0,105.0,0.35,5.422,569.362,0.347758,198.0,True non-binder
10.0,2-6 SiaLac,300.0,141.0,0.47,4.237,597.398,0.301307,180.0,True non-binder
10.0,2-6 SiaLac,300.0,141.0,0.47,4.346,612.786,0.295372,181.0,True non-binder
10.0,2-6 SiaLac,300.0,141.0,0.47,4.355,614.069,0.302898,186.0,True non-binder
10.0,2-6 SiaLac,300.0,141.0,0.47,4.323,609.531,0.278903,170.0,True non-binder
10.0,2-6 SiaLac,300.0,141.0,0.47,4.416,622.651,0.268208,167.0,True non-binder
10.0,2-6 SiaLac,300.0,141.0,0.47,3.83,540.08,0.37587,203.0,True non-binder
1.0,2-3 SiaLac,150.0,51.0,0.34,0.499,25.445,15.209275,387.0,True binder
1.0,2-3 SiaLac,150.0,51.0,0.34,0.525,26.781,19.267391,516.0,True binder
1.0,2-3 SiaLac,150.0,51.0,0.34,0.525,26.788,14.670748,393.0,True binder
1.0,2-3 SiaLac,150.0,51.0,0.34,0.761,38.815,13.602989,528.0,True binder
1.0,2-3 SiaLac,150.0,51.0,0.34,0.538,27.459,16.388069,450.0,True binder
1.0,2-3 SiaLac,150.0,51.0,0.34,0.629,32.097,17.135558,550.0,True binder
1.0,2-3 SiaLac,150.0,87.0,0.58,0.329,28.626,12.086914,346.0,True binder
1.0,2-3 SiaLac,150.0,87.0,0.58,0.326,28.378,11.734442,333.0,True binder
1.0,2-3 SiaLac,150.0,87.0,0.58,0.343,29.875,12.384937,370.0,True binder
1.0,2-3 SiaLac,150.0,87.0,0.58,0.347,30.212,12.80948,387.0,True binder
1.0,2-3 SiaLac,150.0,87.0,0.58,0.316,27.51,13.667757,376.0,True binder
1.0,2-3 SiaLac,150.0,87.0,0.58,0.376,32.685,12.54398,410.0,True binder
1.0,2-3 SiaLac,200.0,74.0,0.37,0.6,44.426,17.197137,764.0,True binder
1.0,2-3 SiaLac,200.0,74.0,0.37,0.635,46.966,17.885279,840.0,True binder
1.0,2-3 SiaLac,200.0,74.0,0.37,0.598,44.22,19.493442,862.0,True binder
1.0,2-3 SiaLac,200.0,74.0,0.37,0.696,51.5,16.407767,845.0,True binder
1.0,2-3 SiaLac,200.0,74.0,0.37,0.629,46.514,17.801092,828.0,True binder
1.0,2-3 SiaLac,200.0,74.0,0.37,0.769,56.895,14.658582,834.0,True binder
1.0,2-3 SiaLac,200.0,104.0,0.52,0.271,28.134,27.902182,785.0,True binder
1.0,2-3 SiaLac,200.0,104.0,0.52,0.221,23.022,38.311181,882.0,True binder
1.0,2-3 SiaLac,200.0,104.0,0.52,0.452,47.053,17.682188,832.0,True binder
1.0,2-3 SiaLac,200.0,104.0,0.52,0.528,54.932,15.65572,860.0,True binder
1.0,2-3 SiaLac,200.0,104.0,0.52,0.535,55.645,14.520622,808.0,True binder
1.0,2-3 SiaLac,200.0,104.0,0.52,0.539,56.067,14.054613,788.0,True binder
1.0,2-3 SiaLac,300.0,108.0,0.36,0.53,57.288,14.36601,823.0,True binder
1.0,2-3 SiaLac,300.0,108.0,0.36,0.184,19.883,40.537142,806.0,True binder
1.0,2-3 SiaLac,300.0,108.0,0.36,0.444,47.917,16.236409,778.0,True binder
1.0,2-3 SiaLac,300.0,108.0,0.36,0.541,58.407,13.491534,788.0,True binder
1.0,2-3 SiaLac,300.0,108.0,0.36,0.562,60.749,12.115426,736.0,True binder
1.0,2-3 SiaLac,300.0,108.0,0.36,0.472,50.944,15.723147,801.0,True binder
1.0,2-3 SiaLac,300.0,138.0,0.46,0.525,72.474,10.997047,797.0,True binder
1.0,2-3 SiaLac,300.0,138.0,0.46,0.548,75.693,10.978558,831.0,True binder
1.0,2-3 SiaLac,300.0,138.0,0.46,0.557,76.835,9.878311,759.0,True binder
1.0,2-3 SiaLac,300.0,138.0,0.46,0.618,85.322,8.39174,716.0,True binder
1.0,2-3 SiaLac,300.0,138.0,0.46,0.571,78.808,9.415288,742.0,True binder
1.0,2-3 SiaLac,300.0,138.0,0.46,0.531,73.279,9.852755,722.0,True binder
5.0,2-3 SiaLac,150.0,51.0,0.34,2.311,117.864,7.245639,854.0,True binder
5.0,2-3 SiaLac,150.0,51.0,0.34,2.384,121.599,7.352034,894.0,True binder
5.0,2-3 SiaLac,150.0,51.0,0.34,2.3,117.298,6.95664,816.0,True binder
5.0,2-3 SiaLac,150.0,51.0,0.34,2.409,122.844,6.357657,781.0,True binder
5.0,2-3 SiaLac,150.0,51.0,0.34,2.391,121.938,6.208073,757.0,True binder
5.0,2-3 SiaLac,150.0,51.0,0.34,2.706,138.028,5.353986,739.0,True binder
5.0,2-3 SiaLac,150.0,87.0,0.58,1.683,146.459,6.63667,972.0,True binder
5.0,2-3 SiaLac,150.0,87.0,0.58,1.587,138.028,6.781233,936.0,True binder
5.0,2-3 SiaLac,150.0,87.0,0.58,1.669,145.21,5.901797,857.0,True binder
5.0,2-3 SiaLac,150.0,87.0,0.58,1.887,164.152,5.433988,892.0,True binder
5.0,2-3 SiaLac,150.0,87.0,0.58,2.14,186.219,4.414158,822.0,True binder
5.0,2-3 SiaLac,200.0,74.0,0.37,2.436,180.245,3.384283,610.0,True binder
5.0,2-3 SiaLac,200.0,74.0,0.37,2.653,196.345,2.887774,567.0,True binder
5.0,2-3 SiaLac,200.0,74.0,0.37,2.457,181.787,3.058525,556.0,True binder
5.0,2-3 SiaLac,200.0,74.0,0.37,2.622,194.013,2.834862,550.0,True binder
5.0,2-3 SiaLac,200.0,74.0,0.37,2.54,187.938,3.027594,569.0,True binder
5.0,2-3 SiaLac,200.0,74.0,0.37,2.68,198.32,2.864058,568.0,True binder
5.0,2-3 SiaLac,200.0,104.0,0.52,1.791,186.307,3.054099,569.0,True binder
5.0,2-3 SiaLac,200.0,104.0,0.52,2.015,209.551,2.37651,498.0,True binder
5.0,2-3 SiaLac,200.0,104.0,0.52,1.893,196.828,2.509806,494.0,True binder
5.0,2-3 SiaLac,200.0,104.0,0.52,2.068,215.053,2.301758,495.0,True binder
5.0,2-3 SiaLac,200.0,104.0,0.52,1.417,147.404,3.697322,545.0,True binder
5.0,2-3 SiaLac,200.0,104.0,0.52,1.357,141.169,3.548938,501.0,True binder
5.0,2-3 SiaLac,300.0,108.0,0.36,2.382,257.237,2.332479,600.0,True binder
5.0,2-3 SiaLac,300.0,108.0,0.36,2.371,256.039,2.359016,604.0,True binder
5.0,2-3 SiaLac,300.0,108.0,0.36,2.369,255.899,2.266519,580.0,True binder
5.0,2-3 SiaLac,300.0,108.0,0.36,2.306,248.996,2.269113,565.0,True binder
5.0,2-3 SiaLac,300.0,108.0,0.36,1.81,195.466,3.069588,600.0,True binder
5.0,2-3 SiaLac,300.0,108.0,0.36,1.228,132.625,4.546654,603.0,True binder
5.0,2-3 SiaLac,300.0,138.0,0.46,2.41,332.563,1.66585,554.0,True binder
5.0,2-3 SiaLac,300.0,138.0,0.46,2.445,337.408,1.591545,537.0,True binder
5.0,2-3 SiaLac,300.0,138.0,0.46,1.72,237.379,2.55288,606.0,True binder
5.0,2-3 SiaLac,300.0,138.0,0.46,2.549,351.698,1.563842,550.0,True binder
5.0,2-3 SiaLac,300.0,138.0,0.46,2.567,354.242,1.490506,528.0,True binder
5.0,2-3 SiaLac,300.0,138.0,0.46,2.629,362.84,1.386286,503.0,True binder
10.0,2-3 SiaLac,150.0,51.0,0.34,4.135,210.888,3.309814,698.0,True binder
10.0,2-3 SiaLac,150.0,51.0,0.34,4.255,216.999,3.078355,668.0,True binder
10.0,2-3 SiaLac,150.0,51.0,0.34,4.055,206.814,3.287979,680.0,True binder
10.0,2-3 SiaLac,150.0,51.0,0.34,4.333,220.96,3.231354,714.0,True binder
10.0,2-3 SiaLac,150.0,51.0,0.34,3.812,194.41,3.528625,686.0,True binder
10.0,2-3 SiaLac,150.0,51.0,0.34,2.106,107.388,7.123701,765.0,True binder
10.0,2-3 SiaLac,150.0,87.0,0.58,2.943,256.069,2.636008,675.0,True binder
10.0,2-3 SiaLac,150.0,87.0,0.58,3.089,268.769,2.548657,685.0,True binder
10.0,2-3 SiaLac,150.0,87.0,0.58,2.695,234.46,3.0325,711.0,True binder
10.0,2-3 SiaLac,150.0,87.0,0.58,2.757,239.866,2.976662,714.0,True binder
10.0,2-3 SiaLac,150.0,87.0,0.58,2.778,241.7,3.293339,796.0,True binder
10.0,2-3 SiaLac,150.0,87.0,0.58,3.699,321.856,2.622291,844.0,True binder
10.0,2-3 SiaLac,200.0,74.0,0.37,4.66,344.841,1.699334,586.0,True binder
10.0,2-3 SiaLac,200.0,74.0,0.37,4.764,352.553,1.596923,563.0,True binder
10.0,2-3 SiaLac,200.0,74.0,0.37,5.189,384.007,1.476536,567.0,True binder
10.0,2-3 SiaLac,200.0,74.0,0.37,4.805,355.543,1.760687,626.0,True binder
10.0,2-3 SiaLac,200.0,74.0,0.37,4.734,350.296,2.032567,712.0,True binder
10.0,2-3 SiaLac,200.0,74.0,0.37,5.176,382.993,1.953038,748.0,True binder
10.0,2-3 SiaLac,200.0,104.0,0.52,3.431,356.789,1.872255,668.0,True binder
10.0,2-3 SiaLac,200.0,104.0,0.52,3.445,358.324,1.886561,676.0,True binder
10.0,2-3 SiaLac,200.0,104.0,0.52,2.91,302.652,2.223676,673.0,True binder
10.0,2-3 SiaLac,200.0,104.0,0.52,3.515,365.565,1.846457,675.0,True binder
10.0,2-3 SiaLac,200.0,104.0,0.52,3.447,358.462,1.969525,706.0,True binder
10.0,2-3 SiaLac,200.0,104.0,0.52,3.535,367.604,1.969511,724.0,True binder
10.0,2-3 SiaLac,300.0,108.0,0.36,4.063,438.766,1.593104,699.0,True binder
10.0,2-3 SiaLac,300.0,108.0,0.36,4.013,433.403,1.684345,730.0,True binder
10.0,2-3 SiaLac,300.0,108.0,0.36,4.066,439.074,1.744581,766.0,True binder
10.0,2-3 SiaLac,300.0,108.0,0.36,4.639,501.02,1.808311,906.0,True binder
10.0,2-3 SiaLac,300.0,108.0,0.36,4.337,468.439,1.709934,801.0,True binder
10.0,2-3 SiaLac,300.0,108.0,0.36,4.129,445.978,1.863321,831.0,True binder
10.0,2-3 SiaLac,300.0,138.0,0.46,4.312,595.114,0.846897,504.0,False binder
10.0,2-3 SiaLac,300.0,138.0,0.46,4.167,575.032,0.921688,530.0,False binder
10.0,2-3 SiaLac,300.0,138.0,0.46,4.256,587.294,0.916066,538.0,False binder
10.0,2-3 SiaLac,300.0,138.0,0.46,4.277,590.19,0.989512,584.0,False binder
10.0,2-3 SiaLac,300.0,138.0,0.46,4.322,596.369,0.977583,583.0,False binder
10.0,2-3 SiaLac,300.0,138.0,0.46,4.496,620.409,1.205656,748.0,False binder
1.0,2-6 SiaLac,150.0,62.0,2.44,0.021,1.269,339.63751,431.0,True binder
1.0,2-6 SiaLac,150.0,62.0,2.44,0.022,1.361,494.489346,673.0,True binder
1.0,2-6 SiaLac,150.0,62.0,2.44,0.021,1.318,408.952959,539.0,True binder
1.0,2-6 SiaLac,150.0,62.0,2.44,0.021,1.303,316.96086,413.0,True binder
1.0,2-6 SiaLac,150.0,62.0,2.44,0.021,1.318,289.074355,381.0,True binder
1.0,2-6 SiaLac,200.0,110.0,1.82,0.039,4.264,126.172608,538.0,True binder
1.0,2-6 SiaLac,200.0,110.0,1.82,0.042,4.591,84.513178,388.0,True binder
1.0,2-6 SiaLac,200.0,110.0,1.82,0.04,4.381,51.129879,224.0,False binder
1.0,2-6 SiaLac,200.0,110.0,1.82,0.037,4.116,115.889213,477.0,True binder
1.0,2-6 SiaLac,200.0,110.0,1.82,0.035,3.839,122.427716,470.0,True binder
1.0,2-6 SiaLac,300.0,120.0,2.5,0.017,1.983,220.373172,437.0,True binder
1.0,2-6 SiaLac,300.0,120.0,2.5,0.015,1.853,291.41932,540.0,True binder
1.0,2-6 SiaLac,300.0,120.0,2.5,0.015,1.853,267.674042,496.0,True binder
1.0,2-6 SiaLac,300.0,120.0,2.5,0.015,1.762,278.660613,491.0,True binder
1.0,2-6 SiaLac,300.0,120.0,2.5,0.016,1.944,259.773663,505.0,True binder
5.0,2-6 SiaLac,150.0,62.0,2.44,0.049,3.024,75.396825,228.0,True binder
5.0,2-6 SiaLac,150.0,62.0,2.44,0.049,3.027,45.920053,139.0,False binder
5.0,2-6 SiaLac,150.0,62.0,2.44,0.045,2.768,59.609827,165.0,False binder
5.0,2-6 SiaLac,150.0,62.0,2.44,0.035,2.17,70.967742,154.0,False binder
5.0,2-6 SiaLac,150.0,62.0,2.44,0.04,2.484,86.151369,214.0,True binder
5.0,2-6 SiaLac,150.0,62.0,2.44,0.058,3.567,84.384637,301.0,True binder
5.0,2-6 SiaLac,200.0,110.0,1.82,0.086,9.449,121.706001,1150.0,True binder
5.0,2-6 SiaLac,200.0,110.0,1.82,0.081,8.963,103.871472,931.0,True binder
5.0,2-6 SiaLac,200.0,110.0,1.82,0.078,8.533,101.253955,864.0,True binder
5.0,2-6 SiaLac,200.0,110.0,1.82,0.07,7.72,102.720207,793.0,True binder
5.0,2-6 SiaLac,200.0,110.0,1.82,0.069,7.605,111.637081,849.0,True binder
5.0,2-6 SiaLac,200.0,110.0,1.82,0.083,9.113,102.052014,930.0,True binder
5.0,2-6 SiaLac,300.0,120.0,2.5,0.035,4.178,106.98899,447.0,True binder
5.0,2-6 SiaLac,300.0,120.0,2.5,0.035,4.214,89.226388,376.0,True binder
5.0,2-6 SiaLac,300.0,120.0,2.5,0.03,3.607,42.971999,155.0,False binder
5.0,2-6 SiaLac,300.0,120.0,2.5,0.031,3.709,73.335131,272.0,False binder
5.0,2-6 SiaLac,300.0,120.0,2.5,0.032,3.833,76.44143,293.0,True binder
5.0,2-6 SiaLac,300.0,120.0,2.5,0.031,3.779,128.605451,486.0,True binder
10.0,2-6 SiaLac,150.0,62.0,2.44,0.061,3.768,85.456476,322.0,True binder
10.0,2-6 SiaLac,150.0,62.0,2.44,0.051,3.14,86.305732,271.0,True binder
10.0,2-6 SiaLac,150.0,62.0,2.44,0.051,3.14,90.44586,284.0,True binder
10.0,2-6 SiaLac,150.0,62.0,2.44,0.058,3.58,56.98324,204.0,False binder
10.0,2-6 SiaLac,150.0,62.0,2.44,0.06,3.737,103.559005,387.0,True binder
10.0,2-6 SiaLac,150.0,62.0,2.44,0.042,2.607,211.737629,552.0,True binder
10.0,2-6 SiaLac,200.0,110.0,1.82,0.094,10.288,94.965008,977.0,True binder
10.0,2-6 SiaLac,200.0,110.0,1.82,0.094,10.334,112.637894,1164.0,True binder
10.0,2-6 SiaLac,200.0,110.0,1.82,0.094,10.38,108.574181,1127.0,True binder
10.0,2-6 SiaLac,200.0,110.0,1.82,0.102,11.255,98.178587,1105.0,True binder
10.0,2-6 SiaLac,200.0,110.0,1.82,0.103,11.369,104.318762,1186.0,True binder
10.0,2-6 SiaLac,200.0,110.0,1.82,0.1,10.977,112.507971,1235.0,True binder
10.0,2-6 SiaLac,300.0,120.0,2.5,0.047,5.631,76.540579,431.0,True binder
10.0,2-6 SiaLac,300.0,120.0,2.5,0.051,6.086,96.122248,585.0,True binder
10.0,2-6 SiaLac,300.0,120.0,2.5,0.048,5.722,83.012933,475.0,True binder
10.0,2-6 SiaLac,300.0,120.0,2.5,0.054,6.513,100.568095,655.0,True binder
10.0,2-6 SiaLac,300.0,120.0,2.5,0.051,6.163,115.365893,711.0,True binder
10.0,2-6 SiaLac,300.0,120.0,2.5,0.05,5.968,130.19437,777.0,True binder
1.0,2-3 SiaLac,150.0,60.0,2.5,0.024,1.465,1488.054608,2180.0,True binder
1.0,2-3 SiaLac,150.0,60.0,2.5,0.025,1.502,667.776298,1003.0,True binder
1.0,2-3 SiaLac,150.0,60.0,2.5,0.024,1.452,764.46281,1110.0,True binder
1.0,2-3 SiaLac,150.0,60.0,2.5,0.021,1.255,731.474104,918.0,True binder
1.0,2-3 SiaLac,150.0,60.0,2.5,0.019,1.169,876.817793,1025.0,True binder
1.0,2-3 SiaLac,200.0,116.0,1.72,0.039,4.546,690.277167,3138.0,True binder
1.0,2-3 SiaLac,200.0,116.0,1.72,0.036,4.203,548.417797,2305.0,True binder
1.0,2-3 SiaLac,200.0,116.0,1.72,0.04,4.638,554.980595,2574.0,True binder
1.0,2-3 SiaLac,200.0,116.0,1.72,0.04,4.583,497.054331,2278.0,True binder
1.0,2-3 SiaLac,200.0,116.0,1.72,0.035,4.048,423.418972,1714.0,True binder
1.0,2-3 SiaLac,200.0,116.0,1.72,0.038,4.453,358.410061,1596.0,True binder
1.0,2-3 SiaLac,300.0,147.0,2.04,0.007,0.976,1676.229508,1636.0,True binder
1.0,2-3 SiaLac,300.0,147.0,2.04,0.007,1.013,839.091807,850.0,True binder
1.0,2-3 SiaLac,300.0,147.0,2.04,0.006,0.925,1045.405405,967.0,True binder
1.0,2-3 SiaLac,300.0,147.0,2.04,0.006,0.89,641.573034,571.0,True binder
1.0,2-3 SiaLac,300.0,147.0,2.04,0.006,0.873,1064.146621,929.0,True binder
1.0,2-3 SiaLac,300.0,147.0,2.04,0.006,0.921,1043.431053,961.0,True binder
5.0,2-3 SiaLac,150.0,60.0,2.5,0.049,2.929,589.962445,1728.0,True binder
5.0,2-3 SiaLac,150.0,60.0,2.5,0.056,3.36,529.761905,1780.0,True binder
5.0,2-3 SiaLac,150.0,60.0,2.5,0.047,2.831,507.241258,1436.0,True binder
5.0,2-3 SiaLac,150.0,60.0,2.5,0.054,3.225,537.054264,1732.0,True binder
5.0,2-3 SiaLac,150.0,60.0,2.5,0.053,3.175,596.220472,1893.0,True binder
5.0,2-3 SiaLac,150.0,60.0,2.5,0.05,3.003,572.760573,1720.0,True binder
5.0,2-3 SiaLac,200.0,116.0,1.72,0.077,8.981,324.351409,2913.0,True binder
5.0,2-3 SiaLac,200.0,116.0,1.72,0.052,6.013,444.037918,2670.0,True binder
5.0,2-3 SiaLac,200.0,116.0,1.72,0.075,8.682,300.046072,2605.0,True binder
5.0,2-3 SiaLac,200.0,116.0,1.72,0.08,9.332,289.755679,2704.0,True binder
5.0,2-3 SiaLac,200.0,116.0,1.72,0.074,8.544,341.292135,2916.0,True binder
5.0,2-3 SiaLac,200.0,116.0,1.72,0.072,8.303,332.530411,2761.0,True binder
5.0,2-3 SiaLac,300.0,147.0,2.04,0.02,2.928,525.273224,1538.0,True binder
5.0,2-3 SiaLac,300.0,147.0,2.04,0.018,2.633,474.743638,1250.0,True binder
5.0,2-3 SiaLac,300.0,147.0,2.04,0.017,2.551,593.492748,1514.0,True binder
5.0,2-3 SiaLac,300.0,147.0,2.04,0.018,2.633,489.935435,1290.0,True binder
5.0,2-3 SiaLac,300.0,147.0,2.04,0.018,2.615,410.325048,1073.0,True binder
5.0,2-3 SiaLac,300.0,147.0,2.04,0.018,2.652,605.580694,1606.0,True binder
10.0,2-3 SiaLac,150.0,60.0,2.5,0.063,3.772,543.743372,2051.0,True binder
10.0,2-3 SiaLac,150.0,60.0,2.5,0.064,3.829,635.413946,2433.0,True binder
10.0,2-3 SiaLac,150.0,60.0,2.5,0.063,3.758,613.890367,2307.0,True binder
10.0,2-3 SiaLac,150.0,60.0,2.5,0.055,3.32,720.180723,2391.0,True binder
10.0,2-3 SiaLac,150.0,60.0,2.5,0.066,3.956,646.61274,2558.0,True binder
10.0,2-3 SiaLac,150.0,60.0,2.5,0.065,3.914,851.558508,3333.0,True binder
10.0,2-3 SiaLac,200.0,116.0,1.72,0.112,13.028,278.170095,3624.0,True binder
10.0,2-3 SiaLac,200.0,116.0,1.72,0.111,12.917,308.353333,3983.0,True binder
10.0,2-3 SiaLac,200.0,116.0,1.72,0.111,12.861,319.881813,4114.0,True binder
10.0,2-3 SiaLac,200.0,116.0,1.72,0.111,12.843,306.859768,3941.0,True binder
10.0,2-3 SiaLac,200.0,116.0,1.72,0.11,12.732,334.590009,4260.0,True binder
10.0,2-3 SiaLac,200.0,116.0,1.72,0.12,13.971,364.469258,5092.0,True binder
10.0,2-3 SiaLac,300.0,147.0,2.04,0.014,2.131,1481.464101,3157.0,True binder
10.0,2-3 SiaLac,300.0,147.0,2.04,0.017,2.552,1288.009404,3287.0,True binder
10.0,2-3 SiaLac,300.0,147.0,2.04,0.014,2.023,2101.828967,4252.0,True binder
10.0,2-3 SiaLac,300.0,147.0,2.04,0.034,5.012,814.844374,4084.0,True binder
10.0,2-3 SiaLac,300.0,147.0,2.04,0.015,2.226,1890.386343,4208.0,True binder
10.0,2-3 SiaLac,300.0,147.0,2.04,0.014,2.028,1475.838264,2993.0,True binder
1.0,2-6 SiaLac,150.0,62.0,2.44,0.016,0.972,188.271605,183.0,True binder
1.0,2-6 SiaLac,150.0,62.0,2.44,0.012,0.733,499.317872,366.0,True binder
1.0,2-6 SiaLac,150.0,62.0,2.44,0.017,1.04,433.653846,451.0,True binder
1.0,2-6 SiaLac,150.0,62.0,2.44,0.023,1.402,308.844508,433.0,True binder
1.0,2-6 SiaLac,150.0,62.0,2.44,0.023,1.386,75.036075,104.0,True binder
1.0,2-6 SiaLac,200.0,110.0,1.82,0.029,3.234,195.114409,631.0,True binder
1.0,2-6 SiaLac,200.0,110.0,1.82,0.024,2.671,93.597903,250.0,True binder
1.0,2-6 SiaLac,200.0,110.0,1.82,0.029,3.169,91.511518,290.0,True binder
1.0,2-6 SiaLac,200.0,110.0,1.82,0.031,3.452,95.886443,331.0,True binder
1.0,2-6 SiaLac,200.0,110.0,1.82,0.026,2.875,102.26087,294.0,True binder
1.0,2-6 SiaLac,200.0,110.0,1.82,0.034,3.697,81.687855,302.0,True binder
1.0,2-6 SiaLac,300.0,120.0,2.5,0.013,1.58,310.759494,491.0,True binder
1.0,2-6 SiaLac,300.0,120.0,2.5,0.012,1.49,340.268456,507.0,True binder
1.0,2-6 SiaLac,300.0,120.0,2.5,0.014,1.691,302.77942,512.0,True binder
1.0,2-6 SiaLac,300.0,120.0,2.5,0.014,1.689,355.239787,600.0,True binder
1.0,2-6 SiaLac,300.0,120.0,2.5,0.015,1.773,104.342922,185.0,True binder
1.0,2-6 SiaLac,300.0,120.0,2.5,0.015,1.835,253.950954,466.0,True binder
5.0,2-6 SiaLac,150.0,62.0,2.44,0.051,3.128,44.117647,138.0,False binder
5.0,2-6 SiaLac,150.0,62.0,2.44,0.05,3.07,52.76873,162.0,False binder
5.0,2-6 SiaLac,150.0,62.0,2.44,0.053,3.23,27.55418,89.0,False binder
5.0,2-6 SiaLac,150.0,62.0,2.44,0.053,3.23,30.03096,97.0,False binder
5.0,2-6 SiaLac,150.0,62.0,2.44,0.051,3.157,20.589167,65.0,False binder
5.0,2-6 SiaLac,150.0,62.0,2.44,0.053,3.244,36.066584,117.0,False binder
5.0,2-6 SiaLac,200.0,110.0,1.82,0.083,9.128,85.670465,782.0,True binder
5.0,2-6 SiaLac,200.0,110.0,1.82,0.083,9.113,66.498409,606.0,False binder
5.0,2-6 SiaLac,200.0,110.0,1.82,0.088,9.647,59.500363,574.0,False binder
5.0,2-6 SiaLac,200.0,110.0,1.82,0.088,9.708,72.414504,703.0,False binder
5.0,2-6 SiaLac,200.0,110.0,1.82,0.087,9.54,75.890985,724.0,True binder
5.0,2-6 SiaLac,200.0,110.0,1.82,0.091,9.997,70.221066,702.0,False binder
5.0,2-6 SiaLac,300.0,120.0,2.5,0.029,3.539,65.555242,232.0,False binder
5.0,2-6 SiaLac,300.0,120.0,2.5,0.03,3.59,56.824513,204.0,False binder
5.0,2-6 SiaLac,300.0,120.0,2.5,0.028,3.401,66.157013,225.0,False binder
5.0,2-6 SiaLac,300.0,120.0,2.5,0.031,3.743,52.364414,196.0,False binder
5.0,2-6 SiaLac,300.0,120.0,2.5,0.033,3.978,45.248869,180.0,False binder
5.0,2-6 SiaLac,300.0,120.0,2.5,0.036,4.355,46.383467,202.0,False binder
10.0,2-6 SiaLac,150.0,62.0,2.44,0.049,3.015,69.983416,211.0,False binder
10.0,2-6 SiaLac,150.0,62.0,2.44,0.048,2.964,66.801619,198.0,False binder
10.0,2-6 SiaLac,150.0,62.0,2.44,0.053,3.285,42.313546,139.0,False binder
10.0,2-6 SiaLac,150.0,62.0,2.44,0.041,2.57,94.941634,244.0,True binder
10.0,2-6 SiaLac,150.0,62.0,2.44,0.051,3.139,231.283848,726.0,True binder
10.0,2-6 SiaLac,150.0,62.0,2.44,0.05,3.078,107.537362,331.0,True binder
10.0,2-6 SiaLac,200.0,110.0,1.82,0.104,11.451,67.243036,770.0,False binder
10.0,2-6 SiaLac,200.0,110.0,1.82,0.097,10.716,75.121314,805.0,True binder
10.0,2-6 SiaLac,200.0,110.0,1.82,0.104,11.451,78.595756,900.0,True binder
10.0,2-6 SiaLac,200.0,110.0,1.82,0.105,11.516,85.098993,980.0,True binder
10.0,2-6 SiaLac,200.0,110.0,1.82,0.101,11.157,117.594335,1312.0,True binder
10.0,2-6 SiaLac,200.0,110.0,1.82,0.094,10.365,123.878437,1284.0,True binder
10.0,2-6 SiaLac,300.0,120.0,2.5,0.052,6.299,59.056993,372.0,False binder
10.0,2-6 SiaLac,300.0,120.0,2.5,0.049,5.868,77.880027,457.0,True binder
10.0,2-6 SiaLac,300.0,120.0,2.5,0.053,6.376,68.538269,437.0,False binder
10.0,2-6 SiaLac,300.0,120.0,2.5,0.053,6.376,105.708908,674.0,True binder
10.0,2-6 SiaLac,300.0,120.0,2.5,0.052,6.24,110.576923,690.0,True binder
10.0,2-6 SiaLac,300.0,120.0,2.5,0.047,5.668,127.205363,721.0,True binder
1.0,2-3 SiaLac,150.0,60.0,2.5,0.017,1.049,1755.004766,1841.0,True binder
1.0,2-3 SiaLac,150.0,60.0,2.5,0.011,0.639,1694.835681,1083.0,True binder
1.0,2-3 SiaLac,150.0,60.0,2.5,0.016,0.984,790.650407,778.0,True binder
1.0,2-3 SiaLac,150.0,60.0,2.5,0.024,1.428,726.890756,1038.0,True binder
1.0,2-3 SiaLac,150.0,60.0,2.5,0.022,1.317,980.258162,1291.0,True binder
1.0,2-3 SiaLac,150.0,60.0,2.5,0.025,1.528,738.874346,1129.0,True binder
1.0,2-3 SiaLac,200.0,116.0,1.72,0.031,3.566,769.77005,2745.0,True binder
1.0,2-3 SiaLac,200.0,116.0,1.72,0.031,3.549,420.963652,1494.0,True binder
1.0,2-3 SiaLac,200.0,116.0,1.72,0.039,4.472,493.291592,2206.0,True binder
1.0,2-3 SiaLac,200.0,116.0,1.72,0.038,4.398,507.958163,2234.0,True binder
1.0,2-3 SiaLac,200.0,116.0,1.72,0.036,4.213,475.433183,2003.0,True binder
1.0,2-3 SiaLac,200.0,116.0,1.72,0.04,4.638,487.279,2260.0,True binder
1.0,2-3 SiaLac,300.0,147.0,2.04,0.006,0.921,2130.29316,1962.0,True binder
1.0,2-3 SiaLac,300.0,147.0,2.04,0.007,1.031,1222.114452,1260.0,True binder
1.0,2-3 SiaLac,300.0,147.0,2.04,0.007,0.958,1369.519833,1312.0,True binder
1.0,2-3 SiaLac,300.0,147.0,2.04,0.006,0.939,1448.349308,1360.0,True binder
1.0,2-3 SiaLac,300.0,147.0,2.04,0.006,0.939,1506.922258,1415.0,True binder
1.0,2-3 SiaLac,300.0,147.0,2.04,0.006,0.939,1288.604899,1210.0,True binder
5.0,2-3 SiaLac,150.0,60.0,2.5,0.049,2.942,519.374575,1528.0,True binder
5.0,2-3 SiaLac,150.0,60.0,2.5,0.053,3.201,464.229928,1486.0,True binder
5.0,2-3 SiaLac,150.0,60.0,2.5,0.055,3.299,436.192786,1439.0,True binder
5.0,2-3 SiaLac,150.0,60.0,2.5,0.058,3.508,437.00114,1533.0,True binder
5.0,2-3 SiaLac,150.0,60.0,2.5,0.046,2.769,429.758035,1190.0,True binder
5.0,2-3 SiaLac,150.0,60.0,2.5,0.057,3.419,454.811348,1555.0,True binder
5.0,2-3 SiaLac,200.0,116.0,1.72,0.082,9.517,323.106021,3075.0,True binder
5.0,2-3 SiaLac,200.0,116.0,1.72,0.082,9.535,282.013634,2689.0,True binder
5.0,2-3 SiaLac,200.0,116.0,1.72,0.081,9.443,240.389707,2270.0,True binder
5.0,2-3 SiaLac,200.0,116.0,1.72,0.082,9.535,257.577347,2456.0,True binder
5.0,2-3 SiaLac,200.0,116.0,1.72,0.082,9.535,257.682223,2457.0,True binder
5.0,2-3 SiaLac,200.0,116.0,1.72,0.081,9.443,279.042677,2635.0,True binder
5.0,2-3 SiaLac,300.0,147.0,2.04,0.02,2.909,584.049502,1699.0,True binder
5.0,2-3 SiaLac,300.0,147.0,2.04,0.018,2.637,585.513841,1544.0,True binder
5.0,2-3 SiaLac,300.0,147.0,2.04,0.02,2.965,629.342327,1866.0,True binder
5.0,2-3 SiaLac,300.0,147.0,2.04,0.018,2.688,1029.017857,2766.0,True binder
5.0,2-3 SiaLac,300.0,147.0,2.04,0.02,2.928,450.819672,1320.0,True binder
5.0,2-3 SiaLac,300.0,147.0,2.04,0.02,2.946,550.23761,1621.0,True binder
10.0,2-3 SiaLac,150.0,60.0,2.5,0.048,2.868,689.330544,1977.0,True binder
10.0,2-3 SiaLac,150.0,60.0,2.5,0.059,3.569,545.530961,1947.0,True binder
10.0,2-3 SiaLac,150.0,60.0,2.5,0.048,2.871,597.352839,1715.0,True binder
10.0,2-3 SiaLac,150.0,60.0,2.5,0.051,3.082,635.301752,1958.0,True binder
10.0,2-3 SiaLac,150.0,60.0,2.5,0.065,3.886,667.781781,2595.0,True binder
10.0,2-3 SiaLac,150.0,60.0,2.5,0.05,3.029,800.264114,2424.0,True binder
10.0,2-3 SiaLac,200.0,116.0,1.72,0.116,13.514,220.068078,2974.0,True binder
10.0,2-3 SiaLac,200.0,116.0,1.72,0.112,12.991,252.86737,3285.0,True binder
10.0,2-3 SiaLac,200.0,116.0,1.72,0.109,12.695,289.090193,3670.0,True binder
10.0,2-3 SiaLac,200.0,116.0,1.72,0.1,11.576,350.12094,4053.0,True binder
10.0,2-3 SiaLac,200.0,116.0,1.72,0.108,12.51,317.505995,3972.0,True binder
10.0,2-3 SiaLac,200.0,116.0,1.72,0.098,11.421,425.969705,4865.0,True binder
10.0,2-3 SiaLac,300.0,147.0,2.04,0.049,7.149,382.15135,2732.0,True binder
10.0,2-3 SiaLac,300.0,147.0,2.04,0.062,9.15,309.398907,2831.0,True binder
10.0,2-3 SiaLac,300.0,147.0,2.04,0.063,9.325,318.176944,2967.0,True binder
10.0,2-3 SiaLac,300.0,147.0,2.04,0.076,11.23,275.601069,3095.0,True binder
10.0,2-3 SiaLac,300.0,147.0,2.04,0.105,15.422,196.278044,3027.0,True binder
10.0,2-3 SiaLac,300.0,147.0,2.04,0.084,12.29,242.148088,2976.0,True binder
1.0,2-6 SiaLac,150.0,62.0,2.44,0.02,1.231,875.710804,1078.0,True binder
1.0,2-6 SiaLac,150.0,62.0,2.44,0.017,1.026,928.849903,953.0,True binder
1.0,2-6 SiaLac,150.0,62.0,2.44,0.019,1.188,807.239057,959.0,True binder
1.0,2-6 SiaLac,150.0,62.0,2.44,0.016,0.999,721.721722,721.0,True binder
1.0,2-6 SiaLac,150.0,62.0,2.44,0.017,1.053,510.921178,538.0,True binder
1.0,2-6 SiaLac,150.0,62.0,2.44,0.02,1.23,408.943089,503.0,True binder
1.0,2-6 SiaLac,200.0,110.0,1.82,0.031,3.365,149.182764,502.0,True binder
1.0,2-6 SiaLac,200.0,110.0,1.82,0.035,3.838,65.659197,252.0,False binder
1.0,2-6 SiaLac,200.0,110.0,1.82,0.034,3.785,47.556143,180.0,False binder
1.0,2-6 SiaLac,200.0,110.0,1.82,0.032,3.545,184.767278,655.0,True binder
1.0,2-6 SiaLac,200.0,110.0,1.82,0.034,3.75,170.933333,641.0,True binder
1.0,2-6 SiaLac,300.0,120.0,2.5,0.014,1.708,389.344262,665.0,True binder
1.0,2-6 SiaLac,300.0,120.0,2.5,0.015,1.847,302.111532,558.0,True binder
1.0,2-6 SiaLac,300.0,120.0,2.5,0.016,1.886,254.506893,480.0,True binder
1.0,2-6 SiaLac,300.0,120.0,2.5,0.014,1.708,361.241218,617.0,True binder
1.0,2-6 SiaLac,300.0,120.0,2.5,0.015,1.78,383.146067,682.0,True binder
1.0,2-6 SiaLac,300.0,120.0,2.5,0.016,1.886,299.575822,565.0,True binder
5.0,2-6 SiaLac,150.0,62.0,2.44,0.05,3.056,158.376963,484.0,True binder
5.0,2-6 SiaLac,150.0,62.0,2.44,0.047,2.896,184.392265,534.0,True binder
5.0,2-6 SiaLac,150.0,62.0,2.44,0.046,2.81,194.661922,547.0,True binder
5.0,2-6 SiaLac,150.0,62.0,2.44,0.045,2.752,194.40407,535.0,True binder
5.0,2-6 SiaLac,150.0,62.0,2.44,0.043,2.65,72.45283,192.0,True binder
5.0,2-6 SiaLac,200.0,110.0,1.82,0.085,9.342,97.730679,913.0,True binder
5.0,2-6 SiaLac,200.0,110.0,1.82,0.078,8.609,107.445696,925.0,True binder
5.0,2-6 SiaLac,200.0,110.0,1.82,0.079,8.701,106.19469,924.0,True binder
5.0,2-6 SiaLac,200.0,110.0,1.82,0.076,8.319,106.503185,886.0,True binder
5.0,2-6 SiaLac,200.0,110.0,1.82,0.074,8.182,101.686629,832.0,True binder
5.0,2-6 SiaLac,200.0,110.0,1.82,0.078,8.543,120.91771,1033.0,True binder
5.0,2-6 SiaLac,300.0,120.0,2.5,0.085,10.149,79.416691,806.0,True binder
5.0,2-6 SiaLac,300.0,120.0,2.5,0.038,4.53,137.748344,624.0,True binder
5.0,2-6 SiaLac,300.0,120.0,2.5,0.036,4.374,60.8139,266.0,False binder
5.0,2-6 SiaLac,300.0,120.0,2.5,0.034,4.024,136.182903,548.0,True binder
5.0,2-6 SiaLac,300.0,120.0,2.5,0.033,4.005,69.662921,279.0,True binder
5.0,2-6 SiaLac,300.0,120.0,2.5,0.032,3.83,172.32376,660.0,True binder
10.0,2-6 SiaLac,150.0,62.0,2.44,0.035,2.15,304.186047,654.0,True binder
10.0,2-6 SiaLac,150.0,62.0,2.44,0.043,2.681,279.373368,749.0,True binder
10.0,2-6 SiaLac,150.0,62.0,2.44,0.041,2.572,176.51633,454.0,True binder
10.0,2-6 SiaLac,150.0,62.0,2.44,0.043,2.681,169.339799,454.0,True binder
10.0,2-6 SiaLac,150.0,62.0,2.44,0.038,2.368,174.408784,413.0,True binder
10.0,2-6 SiaLac,200.0,110.0,1.82,0.085,9.342,131.128238,1225.0,True binder
10.0,2-6 SiaLac,200.0,110.0,1.82,0.081,8.96,113.950893,1021.0,True binder
10.0,2-6 SiaLac,200.0,110.0,1.82,0.075,8.304,96.098266,798.0,True binder
10.0,2-6 SiaLac,200.0,110.0,1.82,0.08,8.808,82.198002,724.0,True binder
10.0,2-6 SiaLac,200.0,110.0,1.82,0.072,7.963,97.57629,777.0,True binder
10.0,2-6 SiaLac,200.0,110.0,1.82,0.082,8.984,104.741763,941.0,True binder
10.0,2-6 SiaLac,300.0,120.0,2.5,0.046,5.468,73.335772,401.0,True binder
10.0,2-6 SiaLac,300.0,120.0,2.5,0.043,5.177,83.446011,432.0,True binder
10.0,2-6 SiaLac,300.0,120.0,2.5,0.044,5.286,117.669315,622.0,True binder
10.0,2-6 SiaLac,300.0,120.0,2.5,0.041,4.905,39.347604,193.0,False binder
10.0,2-6 SiaLac,300.0,120.0,2.5,0.038,4.508,67.657498,305.0,False binder
10.0,2-6 SiaLac,300.0,120.0,2.5,0.041,4.977,102.06952,508.0,True binder
1.0,2-3 SiaLac,150.0,60.0,2.5,0.02,1.194,1277.21943,1525.0,True binder
1.0,2-3 SiaLac,150.0,60.0,2.5,0.021,1.255,999.203187,1254.0,True binder
1.0,2-3 SiaLac,150.0,60.0,2.5,0.022,1.33,796.992481,1060.0,True binder
1.0,2-3 SiaLac,150.0,60.0,2.5,0.022,1.291,1057.319907,1365.0,True binder
1.0,2-3 SiaLac,150.0,60.0,2.5,0.021,1.278,865.41471,1106.0,True binder
1.0,2-3 SiaLac,150.0,60.0,2.5,0.022,1.317,789.6735,1040.0,True binder
1.0,2-3 SiaLac,200.0,116.0,1.72,0.035,4.102,487.079473,1998.0,True binder
1.0,2-3 SiaLac,200.0,116.0,1.72,0.033,3.876,478.328173,1854.0,True binder
1.0,2-3 SiaLac,200.0,116.0,1.72,0.035,4.084,339.618022,1387.0,True binder
1.0,2-3 SiaLac,200.0,116.0,1.72,0.035,4.084,396.669931,1620.0,True binder
1.0,2-3 SiaLac,200.0,116.0,1.72,0.034,3.973,339.03851,1347.0,True binder
1.0,2-3 SiaLac,200.0,116.0,1.72,0.031,3.622,305.356157,1106.0,True binder
1.0,2-3 SiaLac,300.0,147.0,2.04,0.006,0.921,1325.732899,1221.0,True binder
1.0,2-3 SiaLac,300.0,147.0,2.04,0.006,0.921,1056.460369,973.0,True binder
1.0,2-3 SiaLac,300.0,147.0,2.04,0.006,0.884,1142.533937,1010.0,True binder
1.0,2-3 SiaLac,300.0,147.0,2.04,0.006,0.865,1056.647399,914.0,True binder
1.0,2-3 SiaLac,300.0,147.0,2.04,0.006,0.822,1008.515815,829.0,True binder
1.0,2-3 SiaLac,300.0,147.0,2.04,0.006,0.902,961.197339,867.0,True binder
5.0,2-3 SiaLac,150.0,60.0,2.5,0.054,3.225,457.984496,1477.0,True binder
5.0,2-3 SiaLac,150.0,60.0,2.5,0.056,3.332,362.845138,1209.0,True binder
5.0,2-3 SiaLac,150.0,60.0,2.5,0.048,2.855,341.856392,976.0,True binder
5.0,2-3 SiaLac,150.0,60.0,2.5,0.052,3.148,265.8831,837.0,True binder
5.0,2-3 SiaLac,150.0,60.0,2.5,0.053,3.174,392.879647,1247.0,True binder
5.0,2-3 SiaLac,150.0,60.0,2.5,0.043,2.555,518.590998,1325.0,True binder
5.0,2-3 SiaLac,200.0,116.0,1.72,0.075,8.667,269.528095,2336.0,True binder
5.0,2-3 SiaLac,200.0,116.0,1.72,0.068,7.838,257.846389,2021.0,True binder
5.0,2-3 SiaLac,200.0,116.0,1.72,0.074,8.537,224.200539,1914.0,True binder
5.0,2-3 SiaLac,200.0,116.0,1.72,0.065,7.493,200.453757,1502.0,True binder
5.0,2-3 SiaLac,200.0,116.0,1.72,0.067,7.735,174.531351,1350.0,True binder
5.0,2-3 SiaLac,200.0,116.0,1.72,0.062,7.218,177.057357,1278.0,True binder
5.0,2-3 SiaLac,300.0,147.0,2.04,0.019,2.725,439.266055,1197.0,True binder
5.0,2-3 SiaLac,300.0,147.0,2.04,0.018,2.707,347.247876,940.0,True binder
5.0,2-3 SiaLac,300.0,147.0,2.04,0.017,2.534,372.928177,945.0,True binder
5.0,2-3 SiaLac,300.0,147.0,2.04,0.018,2.615,405.736138,1061.0,True binder
5.0,2-3 SiaLac,300.0,147.0,2.04,0.016,2.346,345.6948,811.0,True binder
5.0,2-3 SiaLac,300.0,147.0,2.04,0.019,2.725,423.486239,1154.0,True binder
10.0,2-3 SiaLac,150.0,60.0,2.5,0.052,3.095,425.52504,1317.0,True binder
10.0,2-3 SiaLac,150.0,60.0,2.5,0.053,3.161,631.762101,1997.0,True binder
10.0,2-3 SiaLac,150.0,60.0,2.5,0.047,2.831,726.951607,2058.0,True binder
10.0,2-3 SiaLac,150.0,60.0,2.5,0.048,2.898,469.979296,1362.0,True binder
10.0,2-3 SiaLac,150.0,60.0,2.5,0.049,2.911,427.68808,1245.0,True binder
10.0,2-3 SiaLac,150.0,60.0,2.5,0.049,2.911,614.908966,1790.0,True binder
10.0,2-3 SiaLac,200.0,116.0,1.72,0.092,10.646,220.458388,2347.0,True binder
10.0,2-3 SiaLac,200.0,116.0,1.72,0.091,10.508,228.397411,2400.0,True binder
10.0,2-3 SiaLac,200.0,116.0,1.72,0.088,10.164,295.061,2999.0,True binder
10.0,2-3 SiaLac,200.0,116.0,1.72,0.086,9.974,282.835372,2821.0,True binder
10.0,2-3 SiaLac,200.0,116.0,1.72,0.084,9.75,276.0,2691.0,True binder
10.0,2-3 SiaLac,200.0,116.0,1.72,0.084,9.785,263.157895,2575.0,True binder
10.0,2-3 SiaLac,300.0,147.0,2.04,0.135,19.84,213.558468,4237.0,True binder
10.0,2-3 SiaLac,300.0,147.0,2.04,0.125,18.436,202.80972,3739.0,True binder
10.0,2-3 SiaLac,300.0,147.0,2.04,0.132,19.457,183.481523,3570.0,True binder
10.0,2-3 SiaLac,300.0,147.0,2.04,0.112,16.488,217.491509,3586.0,True binder
10.0,2-3 SiaLac,300.0,147.0,2.04,0.119,17.525,251.46933,4407.0,True binder
10.0,2-3 SiaLac,300.0,147.0,2.04,0.143,20.958,196.297357,4114.0,True binder
1.0,2-6 SiaLac,150.0,62.0,2.44,0.014,0.864,577.546296,499.0,True binder
1.0,2-6 SiaLac,150.0,62.0,2.44,0.011,0.706,1314.447592,928.0,True binder
1.0,2-6 SiaLac,200.0,110.0,1.82,0.024,2.641,115.865203,306.0,True binder
1.0,2-6 SiaLac,200.0,110.0,1.82,0.022,2.442,52.006552,127.0,False binder
1.0,2-6 SiaLac,200.0,110.0,1.82,0.023,2.58,146.899225,379.0,True binder
1.0,2-6 SiaLac,200.0,110.0,1.82,0.023,2.519,174.672489,440.0,True binder
1.0,2-6 SiaLac,200.0,110.0,1.82,0.022,2.473,240.194096,594.0,True binder
1.0,2-6 SiaLac,200.0,110.0,1.82,0.021,2.32,332.758621,772.0,True binder
1.0,2-6 SiaLac,300.0,120.0,2.5,0.011,1.378,199.564586,275.0,True binder
1.0,2-6 SiaLac,300.0,120.0,2.5,0.011,1.344,519.345238,698.0,True binder
1.0,2-6 SiaLac,300.0,120.0,2.5,0.011,1.327,36.171816,48.0,False binder
1.0,2-6 SiaLac,300.0,120.0,2.5,0.012,1.471,16.315432,24.0,False binder
1.0,2-6 SiaLac,300.0,120.0,2.5,0.011,1.326,14.328808,19.0,False binder
5.0,2-6 SiaLac,150.0,62.0,2.44,0.038,2.309,147.249892,340.0,True binder
5.0,2-6 SiaLac,150.0,62.0,2.44,0.036,2.228,240.574506,536.0,True binder
5.0,2-6 SiaLac,150.0,62.0,2.44,0.036,2.216,187.274368,415.0,True binder
5.0,2-6 SiaLac,200.0,110.0,1.82,0.058,6.332,92.703727,587.0,True binder
5.0,2-6 SiaLac,200.0,110.0,1.82,0.063,6.876,63.554392,437.0,False binder
5.0,2-6 SiaLac,200.0,110.0,1.82,0.062,6.805,74.35709,506.0,True binder
5.0,2-6 SiaLac,200.0,110.0,1.82,0.061,6.662,66.346443,442.0,False binder
5.0,2-6 SiaLac,200.0,110.0,1.82,0.06,6.647,70.558147,469.0,True binder
5.0,2-6 SiaLac,200.0,110.0,1.82,0.06,6.647,68.301489,454.0,False binder
5.0,2-6 SiaLac,300.0,120.0,2.5,0.026,3.164,128.318584,406.0,True binder
5.0,2-6 SiaLac,300.0,120.0,2.5,0.026,3.113,82.557019,257.0,True binder
5.0,2-6 SiaLac,300.0,120.0,2.5,0.027,3.215,35.769829,115.0,False binder
5.0,2-6 SiaLac,300.0,120.0,2.5,0.027,3.198,43.777361,140.0,False binder
5.0,2-6 SiaLac,300.0,120.0,2.5,0.026,3.113,67.137809,209.0,False binder
5.0,2-6 SiaLac,300.0,120.0,2.5,0.026,3.096,68.79845,213.0,True binder
10.0,2-6 SiaLac,150.0,62.0,2.44,0.038,2.366,179.628064,425.0,True binder
10.0,2-6 SiaLac,150.0,62.0,2.44,0.037,2.289,56.356488,129.0,False binder
10.0,2-6 SiaLac,150.0,62.0,2.44,0.037,2.264,212.014134,480.0,True binder
10.0,2-6 SiaLac,150.0,62.0,2.44,0.034,2.084,256.238004,534.0,True binder
10.0,2-6 SiaLac,150.0,62.0,2.44,0.027,1.679,412.745682,693.0,True binder
10.0,2-6 SiaLac,200.0,110.0,1.82,0.076,8.334,72.234221,602.0,True binder
10.0,2-6 SiaLac,200.0,110.0,1.82,0.07,7.687,91.323013,702.0,True binder
10.0,2-6 SiaLac,200.0,110.0,1.82,0.075,8.22,85.523114,703.0,True binder
10.0,2-6 SiaLac,200.0,110.0,1.82,0.064,7.027,116.40814,818.0,True binder
10.0,2-6 SiaLac,200.0,110.0,1.82,0.072,7.948,118.520382,942.0,True binder
10.0,2-6 SiaLac,200.0,110.0,1.82,0.074,8.12,152.586207,1239.0,True binder
10.0,2-6 SiaLac,300.0,120.0,2.5,0.036,4.359,87.864189,383.0,True binder
10.0,2-6 SiaLac,300.0,120.0,2.5,0.034,4.099,96.364967,395.0,True binder
10.0,2-6 SiaLac,300.0,120.0,2.5,0.036,4.327,132.193205,572.0,True binder
10.0,2-6 SiaLac,300.0,120.0,2.5,0.033,4.002,125.437281,502.0,True binder
10.0,2-6 SiaLac,300.0,120.0,2.5,0.033,3.918,165.90097,650.0,True binder
10.0,2-6 SiaLac,300.0,120.0,2.5,0.034,4.099,217.614052,892.0,True binder
1.0,2-3 SiaLac,150.0,60.0,2.5,0.015,0.898,991.091314,890.0,True binder
1.0,2-3 SiaLac,150.0,60.0,2.5,0.015,0.887,843.291995,748.0,True binder
1.0,2-3 SiaLac,150.0,60.0,2.5,0.016,0.968,1231.404959,1192.0,True binder
1.0,2-3 SiaLac,150.0,60.0,2.5,0.016,0.934,943.254818,881.0,True binder
1.0,2-3 SiaLac,150.0,60.0,2.5,0.015,0.888,970.720721,862.0,True binder
1.0,2-3 SiaLac,200.0,116.0,1.72,0.022,2.593,480.910143,1247.0,True binder
1.0,2-3 SiaLac,200.0,116.0,1.72,0.024,2.736,297.51462,814.0,True binder
1.0,2-3 SiaLac,200.0,116.0,1.72,0.022,2.502,418.465228,1047.0,True binder
1.0,2-3 SiaLac,200.0,116.0,1.72,0.022,2.563,403.823644,1035.0,True binder
1.0,2-3 SiaLac,200.0,116.0,1.72,0.018,2.077,324.025036,673.0,True binder
1.0,2-3 SiaLac,200.0,116.0,1.72,0.022,2.559,226.260258,579.0,True binder
1.0,2-3 SiaLac,300.0,147.0,2.04,0.004,0.654,1922.018349,1257.0,True binder
1.0,2-3 SiaLac,300.0,147.0,2.04,0.004,0.623,1460.674157,910.0,True binder
1.0,2-3 SiaLac,300.0,147.0,2.04,0.004,0.591,2289.340102,1353.0,True binder
1.0,2-3 SiaLac,300.0,147.0,2.04,0.004,0.531,2077.212806,1103.0,True binder
1.0,2-3 SiaLac,300.0,147.0,2.04,0.003,0.507,1850.098619,938.0,True binder
1.0,2-3 SiaLac,300.0,147.0,2.04,0.004,0.604,1746.688742,1055.0,True binder
5.0,2-3 SiaLac,150.0,60.0,2.5,0.036,2.142,335.6676,719.0,True binder
5.0,2-3 SiaLac,150.0,60.0,2.5,0.037,2.196,480.418944,1055.0,True binder
5.0,2-3 SiaLac,150.0,60.0,2.5,0.031,1.888,590.042373,1114.0,True binder
5.0,2-3 SiaLac,150.0,60.0,2.5,0.037,2.207,524.694155,1158.0,True binder
5.0,2-3 SiaLac,150.0,60.0,2.5,0.035,2.075,625.060241,1297.0,True binder
5.0,2-3 SiaLac,150.0,60.0,2.5,0.038,2.272,699.383803,1589.0,True binder
5.0,2-3 SiaLac,200.0,116.0,1.72,0.048,5.518,264.226169,1458.0,True binder
5.0,2-3 SiaLac,200.0,116.0,1.72,0.046,5.305,284.825636,1511.0,True binder
5.0,2-3 SiaLac,200.0,116.0,1.72,0.044,5.051,239.358543,1209.0,True binder
5.0,2-3 SiaLac,200.0,116.0,1.72,0.039,4.563,276.791584,1263.0,True binder
5.0,2-3 SiaLac,200.0,116.0,1.72,0.043,5.022,281.362007,1413.0,True binder
5.0,2-3 SiaLac,200.0,116.0,1.72,0.042,4.881,314.689613,1536.0,True binder
5.0,2-3 SiaLac,300.0,147.0,2.04,0.012,1.73,816.184971,1412.0,True binder
5.0,2-3 SiaLac,300.0,147.0,2.04,0.016,2.342,729.71819,1709.0,True binder
5.0,2-3 SiaLac,300.0,147.0,2.04,0.014,2.067,672.472182,1390.0,True binder
5.0,2-3 SiaLac,300.0,147.0,2.04,0.011,1.656,721.618357,1195.0,True binder
5.0,2-3 SiaLac,300.0,147.0,2.04,0.011,1.551,867.182463,1345.0,True binder
5.0,2-3 SiaLac,300.0,147.0,2.04,0.011,1.656,925.724638,1533.0,True binder
10.0,2-3 SiaLac,150.0,60.0,2.5,0.037,2.248,659.252669,1482.0,True binder
10.0,2-3 SiaLac,150.0,60.0,2.5,0.033,1.953,730.670763,1427.0,True binder
10.0,2-3 SiaLac,150.0,60.0,2.5,0.039,2.351,863.462356,2030.0,True binder
10.0,2-3 SiaLac,150.0,60.0,2.5,0.027,1.628,971.130221,1581.0,True binder
10.0,2-3 SiaLac,150.0,60.0,2.5,0.034,2.012,1019.383698,2051.0,True binder
10.0,2-3 SiaLac,150.0,60.0,2.5,0.044,2.634,1105.16325,2911.0,True binder
10.0,2-3 SiaLac,200.0,116.0,1.72,0.06,6.984,336.912944,2353.0,True binder
10.0,2-3 SiaLac,200.0,116.0,1.72,0.059,6.825,397.509158,2713.0,True binder
10.0,2-3 SiaLac,200.0,116.0,1.72,0.062,7.21,407.212205,2936.0,True binder
10.0,2-3 SiaLac,200.0,116.0,1.72,0.066,7.682,368.393647,2830.0,True binder
10.0,2-3 SiaLac,200.0,116.0,1.72,0.066,7.64,387.565445,2961.0,True binder
10.0,2-3 SiaLac,200.0,116.0,1.72,0.065,7.583,449.953844,3412.0,True binder
10.0,2-3 SiaLac,300.0,147.0,2.04,0.051,7.432,412.540366,3066.0,True binder
10.0,2-3 SiaLac,300.0,147.0,2.04,0.058,8.592,400.837989,3444.0,True binder
10.0,2-3 SiaLac,300.0,147.0,2.04,0.035,5.159,738.32138,3809.0,True binder
10.0,2-3 SiaLac,300.0,147.0,2.04,0.06,8.85,395.028249,3496.0,True binder
10.0,2-3 SiaLac,300.0,147.0,2.04,0.065,9.557,395.103066,3776.0,True binder
10.0,2-3 SiaLac,300.0,147.0,2.04,0.053,7.852,461.411105,3623.0,True binder
